NCM	EX	pIPI
01012100		NT
01012900		NT
01013000		NT
01019000		NT
01022110		NT
01022190		NT
01022911		NT
01022919		NT
01022990		NT
01023110		NT
01023190		NT
01023911		NT
01023919		NT
01023990		NT
01029000		NT
01031000		NT
01039100		NT
01039200		NT
01041011		NT
01041019		NT
01041090		NT
01042010		NT
01042090		NT
01051110		NT
01051190		NT
01051200		NT
01051300		NT
01051400		NT
01051500		NT
01059400		NT
01059900		NT
01061100		NT
01061200		NT
01061300		NT
01061400		NT
01061900		NT
01062000		NT
01063100		NT
01063200		NT
01063310		NT
01063390		NT
01063900		NT
01064100		NT
01064900		NT
01069000		NT
02011000		0.00
02012010		0.00
02012020		0.00
02012090		0.00
02013000		0.00
02021000		0.00
02022010		0.00
02022020		0.00
02022090		0.00
02023000		0.00
02031100		0.00
02031200		0.00
02031900		0.00
02032100		0.00
02032200		0.00
02032900		0.00
02041000		0.00
02042100		0.00
02042200		0.00
02042300		0.00
02043000		0.00
02044100		0.00
02044200		0.00
02044300		0.00
02045000		0.00
02050000		0.00
02061000		0.00
02062100		0.00
02062200		0.00
02062910		0.00
02062990		0.00
02063000		0.00
02064100		0.00
02064900		0.00
02068000		0.00
02069000		0.00
02071100		0.00
02071210		0.00
02071220		0.00
02071300		0.00
02071411		0.00
02071412		0.00
02071413		0.00
02071419		0.00
02071421		0.00
02071422		0.00
02071423		0.00
02071424		0.00
02071429		0.00
02071431		0.00
02071432		0.00
02071433		0.00
02071434		0.00
02071439		0.00
02072400		0.00
02072500		0.00
02072600		0.00
02072700		0.00
02074100		0.00
02074200		0.00
02074300		0.00
02074400		0.00
02074500		0.00
02075100		0.00
02075200		0.00
02075300		0.00
02075400		0.00
02075500		0.00
02076000		0.00
02081000		0.00
02083000		0.00
02084000		0.00
02085000		0.00
02086000		0.00
02089000		0.00
02091011		0.00
02091019		0.00
02091021		0.00
02091029		0.00
02099000		0.00
02101100		0.00
02101200		0.00
02101900		0.00
02102000		0.00
02109100		0.00
02109100	1	NT
02109200		0.00
02109200	1	NT
02109300		0.00
02109300	1	NT
02109911		0.00
02109919		0.00
02109920		0.00
02109930		0.00
02109940		NT
02109990		0.00
02109990	1	NT
03011110		NT
03011190		NT
03011900		NT
03019110		NT
03019190		NT
03019210		NT
03019290		NT
03019310		NT
03019390		NT
03019410		NT
03019490		NT
03019510		NT
03019590		NT
03019911		NT
03019912		NT
03019919		NT
03019991		NT
03019992		NT
03019999		NT
03021100		0.00
03021300		0.00
03021400		0.00
03021900		0.00
03022100		0.00
03022200		0.00
03022300		0.00
03022400		0.00
03022900		0.00
03023100		0.00
03023200		0.00
03023300		0.00
03023400		0.00
03023500		0.00
03023600		0.00
03023900		0.00
03024100		0.00
03024210		0.00
03024290		0.00
03024300		0.00
03024400		0.00
03024500		0.00
03024600		0.00
03024700		0.00
03024910		0.00
03024990		0.00
03025100		0.00
03025200		0.00
03025300		0.00
03025400		0.00
03025500		0.00
03025600		0.00
03025900		0.00
03027100		0.00
03027210		0.00
03027290		0.00
03027300		0.00
03027400		0.00
03027900		0.00
03028100		0.00
03028200		0.00
03028310		0.00
03028320		0.00
03028400		0.00
03028500		0.00
03028910		0.00
03028921		0.00
03028922		0.00
03028923		0.00
03028924		0.00
03028931		0.00
03028932		0.00
03028933		0.00
03028934		0.00
03028935		0.00
03028936		0.00
03028937		0.00
03028938		0.00
03028941		0.00
03028942		0.00
03028943		0.00
03028944		0.00
03028945		0.00
03028990		0.00
03029110		0.00
03029190		0.00
03029200		0.00
03029900		0.00
03031100		0.00
03031200		0.00
03031300		0.00
03031400		0.00
03031900		0.00
03032300		0.00
03032410		0.00
03032490		0.00
03032500		0.00
03032600		0.00
03032900		0.00
03033100		0.00
03033200		0.00
03033300		0.00
03033400		0.00
03033900		0.00
03034100		0.00
03034200		0.00
03034300		0.00
03034400		0.00
03034500		0.00
03034600		0.00
03034900		0.00
03035100		0.00
03035300		0.00
03035400		0.00
03035500		0.00
03035600		0.00
03035700		0.00
03035910		0.00
03035920		0.00
03035990		0.00
03036300		0.00
03036400		0.00
03036500		0.00
03036600		0.00
03036700		0.00
03036800		0.00
03036910		0.00
03036990		0.00
03038111		0.00
03038112		0.00
03038113		0.00
03038114		0.00
03038119		0.00
03038190		0.00
03038200		0.00
03038311		0.00
03038319		0.00
03038321		0.00
03038329		0.00
03038400		0.00
03038910		0.00
03038920		0.00
03038932		0.00
03038933		0.00
03038941		0.00
03038942		0.00
03038943		0.00
03038944		0.00
03038945		0.00
03038946		0.00
03038951		0.00
03038952		0.00
03038953		0.00
03038954		0.00
03038955		0.00
03038956		0.00
03038961		0.00
03038962		0.00
03038963		0.00
03038964		0.00
03038965		0.00
03038990		0.00
03039110		0.00
03039190		0.00
03039200		0.00
03039910		0.00
03039920		0.00
03039990		0.00
03043100		0.00
03043210		0.00
03043290		0.00
03043300		0.00
03043900		0.00
03044100		0.00
03044200		0.00
03044300		0.00
03044400		0.00
03044500		0.00
03044600		0.00
03044700		0.00
03044800		0.00
03044910		0.00
03044920		0.00
03044990		0.00
03045100		0.00
03045200		0.00
03045300		0.00
03045400		0.00
03045500		0.00
03045600		0.00
03045700		0.00
03045900		0.00
03046100		0.00
03046210		0.00
03046290		0.00
03046300		0.00
03046900		0.00
03047100		0.00
03047200		0.00
03047300		0.00
03047400		0.00
03047500		0.00
03047900		0.00
03048100		0.00
03048200		0.00
03048300		0.00
03048400		0.00
03048510		0.00
03048520		0.00
03048600		0.00
03048700		0.00
03048810		0.00
03048890		0.00
03048910		0.00
03048920		0.00
03048930		0.00
03048990		0.00
03049100		0.00
03049211		0.00
03049212		0.00
03049219		0.00
03049221		0.00
03049222		0.00
03049229		0.00
03049300		0.00
03049400		0.00
03049500		0.00
03049600		0.00
03049700		0.00
03049900		0.00
03052010		0.00
03052090		0.00
03053100		0.00
03053210		0.00
03053220		0.00
03053230		0.00
03053290		0.00
03053900		0.00
03054100		3.25
03054200		3.25
03054300		0.00
03054400		0.00
03054910		3.25
03054920		0.00
03054990		0.00
03055100		3.25
03055200		3.25
03055310		3.25
03055390		3.25
03055400		3.25
03055900		3.25
03056100		3.25
03056200		3.25
03056300		0.00
03056400		0.00
03056910		0.00
03056990		0.00
03057100		0.00
03057100	1	3.25
03057200		3.25
03057200	1	0.00
03057200	2	0.00
03057900		3.25
03057900	1	0.00
03057900	2	0.00
03061110		0.00
03061190		0.00
03061200		0.00
03061400		0.00
03061500		0.00
03061610		0.00
03061690		0.00
03061710		0.00
03061790		0.00
03061910		0.00
03061990		0.00
03063100		0.00
03063200		0.00
03063300		0.00
03063400		0.00
03063500		0.00
03063600		0.00
03063910		0.00
03063990		0.00
03069100		0.00
03069200		0.00
03069300		0.00
03069400		0.00
03069500		0.00
03069910		0.00
03069990		0.00
03071100		0.00
03071200		0.00
03071900		0.00
03072100		0.00
03072200		0.00
03072900		0.00
03073100		0.00
03073200		0.00
03073900		0.00
03074200		0.00
03074310		0.00
03074320		0.00
03074900		0.00
03075100		0.00
03075200		0.00
03075900		0.00
03076000		0.00
03077100		0.00
03077200		0.00
03077900		0.00
03078100		0.00
03078200		0.00
03078300		0.00
03078400		0.00
03078700		0.00
03078800		0.00
03079100		0.00
03079200		0.00
03079900		0.00
03081100		0.00
03081200		0.00
03081900		0.00
03082100		0.00
03082200		0.00
03082900		0.00
03083000		0.00
03089000		0.00
03091000		0.00
03099000		0.00
04011010		NT
04011090		NT
04012010		NT
04012090		NT
04014010		NT
04014021		NT
04014021	1	0.00
04014029		NT
04014029	1	0.00
04015010		NT
04015021		NT
04015021	1	0.00
04015029		NT
04015029	1	0.00
04021010		0.00
04021090		0.00
04022110		0.00
04022120		0.00
04022130		0.00
04022910		0.00
04022920		0.00
04022930		0.00
04029100		0.00
04029100	1	NT
04029900		0.00
04029900	1	NT
04032000		NT
04032000	1	0.00
04039000		NT
04039000	1	0.00
04041000		NT
04041000	1	0.00
04049000		NT
04049000	1	0.00
04051000		0.00
04052000		0.00
04059010		0.00
04059090		0.00
04061010		0.00
04061090		0.00
04062000		0.00
04063000		0.00
04064000		0.00
04069010		0.00
04069020		0.00
04069030		0.00
04069090		0.00
04071100		NT
04071900		NT
04072100		NT
04072900		NT
04079000		0.00
04081100		0.00
04081900		0.00
04081900	1	NT
04089100		0.00
04089900		0.00
04089900	1	NT
04090000		NT
04090000	1	0.00
04101000		0.00
04109000		0.00
05010000		NT
05021011		NT
05021019		NT
05021090		NT
05029010		NT
05029020		NT
05040011		NT
05040012		NT
05040013		NT
05040019		NT
05040090		NT
05051000		NT
05059000		NT
05061000		NT
05069000		NT
05071000		NT
05079000		NT
05080000		NT
05100010		NT
05100090		NT
05111000		NT
05119110		NT
05119190		NT
05119910		NT
05119920		NT
05119930		NT
05119991		NT
05119999		NT
06011000		NT
06012000		NT
06021000		NT
06022000		NT
06023000		NT
06024000		NT
06029010		NT
06029021		NT
06029029		NT
06029081		NT
06029082		NT
06029083		NT
06029089		NT
06029090		NT
06031100		NT
06031200		NT
06031300		NT
06031400		NT
06031500		NT
06031900		NT
06039000		NT
06042000		NT
06049000		NT
07011000		NT
07019000		NT
07020000		NT
07031011		NT
07031019		NT
07031021		NT
07031029		NT
07032010		NT
07032090		NT
07039010		NT
07039090		NT
07041000		NT
07042000		NT
07049000		NT
07051100		NT
07051900		NT
07052100		NT
07052900		NT
07061000		NT
07069000		NT
07070000		NT
07081000		NT
07082000		NT
07089000		NT
07092000		NT
07093000		NT
07094000		NT
07095100		NT
07095200		NT
07095300		NT
07095400		NT
07095500		NT
07095600		NT
07095900		NT
07096000		NT
07097000		NT
07099100		NT
07099200		NT
07099300		NT
07099911		NT
07099919		NT
07099990		NT
07101000		NT
07102100		NT
07102200		NT
07102900		NT
07103000		NT
07104000		0.00
07108000		NT
07109000		NT
07112010		NT
07112020		NT
07112090		0.00
07114000		0.00
07114000	1	NT
07115100		0.00
07115100	1	NT
07115900		3.25
07115900	1	NT
07119000		0.00
07119000	1	NT
07122000		0.00
07123100		0.00
07123200		0.00
07123300		0.00
07123400		0.00
07123900		0.00
07129020		0.00
07129090		0.00
07129090	1	NT
07131010		NT
07131090		NT
07132010		NT
07132090		NT
07133110		NT
07133190		NT
07133210		NT
07133290		NT
07133311		NT
07133319		NT
07133321		NT
07133329		NT
07133391		NT
07133399		NT
07133410		NT
07133490		NT
07133510		NT
07133590		NT
07133910		NT
07133990		NT
07134010		NT
07134090		NT
07135010		NT
07135090		NT
07136010		NT
07136090		NT
07139010		NT
07139090		NT
07141000		NT
07142000		NT
07143000		NT
07144000		NT
07145000		NT
07149000		NT
08011100		NT
08011100	1	0.00
08011200		NT
08011900		NT
08012100		NT
08012100	1	0.00
08012200		NT
08012200	1	0.00
08013100		NT
08013100	1	0.00
08013200		NT
08013200	1	0.00
08021100		0.00
08021200		0.00
08022100		0.00
08022200		0.00
08023100		0.00
08023200		0.00
08024100		0.00
08024200		0.00
08025100		0.00
08025200		0.00
08026100		0.00
08026200		0.00
08027000		0.00
08028000		0.00
08029100		0.00
08029200		0.00
08029900		0.00
08031000		NT
08031000	1	0.00
08039000		NT
08039000	1	0.00
08041010		NT
08041020		0.00
08042010		NT
08042020		0.00
08043000		NT
08043000	1	0.00
08044000		NT
08044000	1	0.00
08045010		NT
08045010	1	0.00
08045020		NT
08045020	1	0.00
08045030		NT
08045030	1	0.00
08051000		NT
08051000	1	0.00
08052100		NT
08052100	1	0.00
08052200		NT
08052200	1	0.00
08052900		NT
08052900	1	0.00
08054000		NT
08054000	1	0.00
08055000		NT
08055000	1	0.00
08059000		NT
08059000	1	0.00
08061000		NT
08062000		0.00
08071100		NT
08071900		NT
08072000		NT
08081000		NT
08083000		NT
08084000		NT
08091000		NT
08092100		NT
08092900		NT
08093010		NT
08093020		NT
08094000		NT
08101000		NT
08102000		NT
08103000		NT
08104000		NT
08105000		NT
08106000		NT
08107000		NT
08109011		NT
08109012		NT
08109013		NT
08109014		NT
08109015		NT
08109016		NT
08109017		NT
08109090		NT
08111000		NT
08111000	1	0.00
08112000		NT
08112000	1	0.00
08119000		NT
08119000	1	0.00
08121000		NT
08129000		NT
08131000		0.00
08132010		0.00
08132020		0.00
08133000		0.00
08134010		0.00
08134090		0.00
08135000		0.00
08140000		NT
09011110		NT
09011190		NT
09011190	1	0.00
09011200		0.00
09012100		0.00
09012200		0.00
09019000		0.00
09019000	1	NT
09021000		0.00
09022000		0.00
09023000		0.00
09024000		0.00
09030010		NT
09030010	1	0.00
09030090		NT
09030090	1	0.00
09041100		NT
09041200		0.00
09042100		0.00
09042200		0.00
09051000		NT
09052000		NT
09061100		NT
09061900		NT
09062000		0.00
09071000		NT
09072000		0.00
09081100		0.00
09081200		0.00
09082100		0.00
09082200		0.00
09083100		0.00
09083200		0.00
09092100		0.00
09092200		0.00
09093100		0.00
09093200		0.00
09096110		0.00
09096120		0.00
09096190		0.00
09096210		0.00
09096220		0.00
09096290		0.00
09101100		0.00
09101200		0.00
09102000		0.00
09103000		0.00
09109100		0.00
09109900		0.00
10011100		NT
10011900		NT
10019100		NT
10019900		NT
10021000		NT
10029000		NT
10031000		NT
10039010		NT
10039080		NT
10039090		NT
10041000		NT
10049000		NT
10051000		NT
10059010		NT
10059090		NT
10061010		NT
10061091		NT
10061092		NT
10062010		NT
10062020		NT
10063011		NT
10063019		NT
10063021		NT
10063029		NT
10064000		NT
10071000		NT
10079000		NT
10081010		NT
10081090		NT
10082110		NT
10082190		NT
10082910		NT
10082990		NT
10083010		NT
10083090		NT
10084010		NT
10084090		NT
10085010		NT
10085090		NT
10086010		NT
10086090		NT
10089010		NT
10089090		NT
11010010		NT
11010020		0.00
11022000		NT
11029000		0.00
11031100		0.00
11031300		0.00
11031900		0.00
11032000		0.00
11041200		0.00
11041900		0.00
11042200		0.00
11042300		0.00
11042900		0.00
11043000		0.00
11051000		0.00
11052000		0.00
11061000		0.00
11062000		0.00
11063000		0.00
11071010		3.25
11071020		3.25
11072010		3.25
11072020		3.25
11081100		0.00
11081200		0.00
11081300		0.00
11081400		0.00
11081900		0.00
11082000		0.00
11090000		0.00
12011000		NT
12019000		NT
12023000		NT
12024100		NT
12024200		NT
12030000		NT
12040010		NT
12040090		NT
12051010		NT
12051090		NT
12059010		NT
12059090		NT
12060010		NT
12060090		NT
12071010		NT
12071090		NT
12072100		NT
12072900		NT
12073010		NT
12073090		NT
12074010		NT
12074090		NT
12075010		NT
12075090		NT
12076010		NT
12076090		NT
12077010		NT
12077090		NT
12079110		NT
12079190		NT
12079910		NT
12079990		NT
12081000		0.00
12089000		0.00
12091000		NT
12092100		NT
12092200		NT
12092300		NT
12092400		NT
12092500		NT
12092900		NT
12093000		NT
12099100		NT
12099900		NT
12101000		NT
12102010		NT
12102020		NT
12112000		NT
12112000	1	0.00
12113000		NT
12113000	1	0.00
12114000		NT
12114000	1	0.00
12115000		NT
12115000	1	0.00
12116000		NT
12116000	1	0.00
12119010		NT
12119010	1	0.00
12119090		NT
12119090	1	0.00
12122100		0.00
12122100	1	NT
12122900		NT
12122900	1	0.00
12129100		NT
12129200		NT
12129200	1	0.00
12129300		0.00
12129400		NT
12129910		0.00
12129990		0.00
12130000		NT
12141000		NT
12149000		NT
13012000		0.00
13019010		0.00
13019090		0.00
13021110		0.00
13021190		0.00
13021200		0.00
13021300		3.25
13021400		0.00
13021910		0.00
13021920		0.00
13021930		0.00
13021940		0.00
13021950		0.00
13021960		0.00
13021991		0.00
13021999		0.00
13022010		0.00
13022090		0.00
13023100		0.00
13023211		0.00
13023219		0.00
13023220		0.00
13023910		0.00
13023990		0.00
14011000		NT
14012000		NT
14019000		NT
14042010		0.00
14042090		0.00
14049010		NT
14049090		NT
15011000		0.00
15012000		0.00
15019000		0.00
15021011		NT
15021012		NT
15021019		NT
15021090		NT
15029000		0.00
15030000		0.00
15041011		0.00
15041019		0.00
15041090		0.00
15042000		0.00
15043000		0.00
15050010		0.00
15050090		0.00
15060000		0.00
15071000		0.00
15079011		0.00
15079019		0.00
15079090		0.00
15081000		0.00
15089000		0.00
15092000		0.00
15093000		0.00
15094000		0.00
15099010		0.00
15099090		0.00
15101000		0.00
15109000		0.00
15111000		0.00
15119000		0.00
15121110		0.00
15121120		0.00
15121911		0.00
15121919		0.00
15121920		0.00
15122100		0.00
15122910		0.00
15122990		0.00
15131100		0.00
15131900		0.00
15132111		0.00
15132119		0.00
15132120		0.00
15132911		0.00
15132919		0.00
15132920		0.00
15141100		0.00
15141910		0.00
15141990		0.00
15149100		0.00
15149910		0.00
15149990		0.00
15151100		0.00
15151900		0.00
15152100		0.00
15152910		0.00
15152990		0.00
15153000		0.00
15155000		0.00
15156000		0.00
15159010		0.00
15159021		0.00
15159022		0.00
15159090		0.00
15161000		0.00
15162000		0.00
15163000		0.00
15171000		0.00
15179010		0.00
15179090		0.00
15180010		0.00
15180090		0.00
15200010		0.00
15200020		0.00
15211000		NT
15211000	1	0.00
15219011		NT
15219019		NT
15219019	1	0.00
15219090		NT
15219090	1	0.00
15219090	2	0.00
15220000		NT
16010000		0.00
16021000		0.00
16022000		0.00
16023100		0.00
16023210		0.00
16023220		0.00
16023230		0.00
16023290		0.00
16023900		0.00
16024100		0.00
16024200		0.00
16024900		0.00
16025000		0.00
16029000		0.00
16030000		0.00
16041100		3.25
16041200		3.25
16041310		0.00
16041390		0.00
16041410		0.00
16041420		0.00
16041430		0.00
16041500		0.00
16041600		0.00
16041700		0.00
16041800		0.00
16041900		0.00
16042010		0.00
16042020		0.00
16042030		0.00
16042090		0.00
16043100		3.25
16043200		3.25
16051000		0.00
16052100		0.00
16052900		0.00
16053000		0.00
16054000		0.00
16055100		0.00
16055200		0.00
16055300		0.00
16055400		0.00
16055500		0.00
16055600		0.00
16055700		0.00
16055800		0.00
16055900		0.00
16056100		0.00
16056200		0.00
16056300		0.00
16056900		0.00
17011200		3.25
17011300		3.25
17011400		0.00
17019100		3.25
17019900		0.00
17019900	1	0.00
17021100		0.00
17021900		0.00
17022000		0.00
17023011		0.00
17023019		3.25
17023020		0.00
17024010		0.00
17024020		0.00
17025000		0.00
17026010		0.00
17026020		0.00
17029000		3.25
17031000		3.25
17039000		3.25
17041000		3.25
17049010		3.25
17049020		3.25
17049090		3.25
18010000		NT
18010000	1	0.00
18020000		NT
18031000		0.00
18032000		0.00
18040000		0.00
18050000		0.00
18061000		0.00
18062000		0.00
18063110		3.25
18063120		3.25
18063210		3.25
18063220		3.25
18069000		3.25
18069000	1	0.00
19011010		0.00
19011020		0.00
19011030		0.00
19011090		0.00
19012010		0.00
19012010	1	0.00
19012020		0.00
19012090		0.00
19012090	1	0.00
19019010		0.00
19019020		0.00
19019090		0.00
19021100		0.00
19021900		0.00
19022000		0.00
19023000		0.00
19024000		0.00
19030000		0.00
19041000		0.00
19042000		0.00
19043000		0.00
19049000		0.00
19051000		0.00
19052010		0.00
19052090		0.00
19053100		0.00
19053200		0.00
19054000		0.00
19059010		0.00
19059020		0.00
19059090		0.00
19059090	1	0.00
20011000		0.00
20019000		0.00
20021000		0.00
20021000	1	NT
20029000		0.00
20029000	1	NT
20031000		0.00
20031000	1	NT
20039000		0.00
20039000	1	NT
20039000	2	NT
20039000	3	3.25
20041000		0.00
20041000	1	NT
20049000		0.00
20049000	1	NT
20051000		0.00
20052000		0.00
20054000		0.00
20055100		0.00
20055900		0.00
20056000		0.00
20057000		0.00
20058000		0.00
20059100		0.00
20059900		0.00
20060000		0.00
20071000		0.00
20079100		0.00
20079910		0.00
20079921		0.00
20079922		0.00
20079923		0.00
20079924		0.00
20079925		0.00
20079926		0.00
20079927		0.00
20079929		0.00
20079990		0.00
20081100		0.00
20081900		0.00
20081900	1	NT
20082010		0.00
20082090		0.00
20082090	1	NT
20083000		0.00
20083000	1	NT
20084010		0.00
20084090		0.00
20084090	1	NT
20085000		0.00
20085000	1	NT
20086010		0.00
20086090		0.00
20086090	1	NT
20087010		0.00
20087020		0.00
20087090		0.00
20087090	1	NT
20088000		0.00
20088000	1	NT
20089100		0.00
20089300		0.00
20089300	1	NT
20089710		0.00
20089790		0.00
20089790	1	NT
20089900		0.00
20089900	1	NT
20091100		0.00
20091200		0.00
20091900		0.00
20092100		0.00
20092900		0.00
20093100		0.00
20093900		0.00
20094100		0.00
20094900		0.00
20095000		0.00
20096100		0.00
20096900		0.00
20097100		0.00
20097900		0.00
20098100		0.00
20098911		0.00
20098912		0.00
20098913		0.00
20098919		0.00
20098921		0.00
20098922		0.00
20098990		0.00
20099000		0.00
21011110		0.00
21011190		0.00
21011200		0.00
21012010		0.00
21012020		0.00
21013000		0.00
21021010		0.00
21021090		0.00
21022000		NT
21022000	1	0.00
21023000		0.00
21031010		0.00
21031090		0.00
21032010		0.00
21032090		0.00
21033010		0.00
21033021		0.00
21033029		0.00
21039011		0.00
21039019		0.00
21039021		0.00
21039029		0.00
21039091		0.00
21039099		0.00
21041011		0.00
21041019		0.00
21041021		0.00
21041029		0.00
21042000		0.00
21050010		3.25
21050090		3.25
21061000		0.00
21069010		0.00
21069010	1	8.00
21069010	2	0.00
21069021		0.00
21069029		0.00
21069030		0.00
21069040		0.00
21069050		0.00
21069060		0.00
21069090		0.00
22011000		2.60
22011000	1	NT
22011000	2	NT
22019000		NT
22021000		2.60
22021000	1	2.60
22029100		3.90
22029900		2.60
22029900	1	0.00
22029900	2	0.00
22029900	3	2.60
22029900	4	2.60
22029900	5	0.00
22030000		3.90
22030000	1	3.90
22041010		6.50
22041090		6.50
22042100		6.50
22042100	1	13.00
22042211		6.50
22042211	1	13.00
22042219		6.50
22042219	1	13.00
22042220		6.50
22042910		6.50
22042910	1	13.00
22042920		6.50
22043000		6.50
22051000		9.75
22059000		9.75
22060010		6.50
22060090		6.50
22060090	1	13.00
22071010		0.00
22071010	1	NT
22071010	2	5.20
22071090		0.00
22071090	1	NT
22071090	2	5.20
22072011		5.20
22072011	1	NT
22072019		5.20
22072019	1	NT
22072020		5.20
22082000		19.50
22083010		19.50
22083020		19.50
22083090		19.50
22084000		16.25
22084000	1	19.50
22085000		19.50
22086000		19.50
22087000		19.50
22089000		19.50
22089000	1	5.20
22089000	2	13.00
22090000		0.00
23011010		0.00
23011090		0.00
23012010		0.00
23012090		0.00
23021000		0.00
23023010		0.00
23023090		0.00
23024000		0.00
23025000		0.00
23031000		NT
23032000		NT
23033000		NT
23040010		0.00
23040090		0.00
23050000		0.00
23061000		0.00
23062000		0.00
23063010		0.00
23063090		0.00
23064100		0.00
23064900		0.00
23065000		0.00
23066000		0.00
23069010		0.00
23069090		0.00
23070000		NT
23080000		0.00
23091000		6.50
23099010		0.00
23099010	1	6.50
23099020		0.00
23099030		6.50
23099040		0.00
23099050		0.00
23099060		0.00
23099060	1	6.50
23099070		0.00
23099090		0.00
23099090	1	6.50
24011010		NT
24011020		NT
24011030		NT
24011040		NT
24011090		NT
24012010		30.00
24012020		30.00
24012030		30.00
24012040		30.00
24012090		30.00
24013000		NT
24021000		30.00
24021000	1	300.00
24022000		300.00
24022000	1	30.00
24029000		30.00
24029000	1	300.00
24031100		30.00
24031900		30.00
24039100		30.00
24039910		30.00
24039990		30.00
24041100		30.00
24041200		10.00
24041900		30.00
24049100		0.00
24049200		10.00
24049900		10.00
25010011		NT
25010019		NT
25010020		NT
25010090		NT
25010090	1	0.00
25020000		NT
25030010		0.00
25030010	1	NT
25030090		0.00
25041000		NT
25049000		NT
25051000		NT
25059000		NT
25061000		NT
25062000		NT
25070010		NT
25070090		NT
25081000		NT
25083000		NT
25084010		NT
25084090		NT
25085000		NT
25086000		NT
25087000		NT
25090000		NT
25101010		NT
25101090		NT
25102010		NT
25102090		NT
25111000		NT
25112000		NT
25120000		NT
25131000		NT
25132000		NT
25140000		NT
25151100		NT
25151210		NT
25151220		NT
25152000		NT
25161100		NT
25161200		NT
25162000		NT
25169000		NT
25171000		NT
25172000		NT
25173000		NT
25174100		NT
25174900		NT
25181000		NT
25182000		NT
25191000		NT
25199010		NT
25199090		NT
25201011		NT
25201019		NT
25201020		NT
25202010		0.00
25202090		NT
25210000		NT
25221000		NT
25222000		NT
25223000		NT
25231000		2.60
25232100		0.00
25232910		0.00
25232990		0.00
25233000		2.60
25239000		2.60
25241000		NT
25249000		NT
25251000		NT
25252000		NT
25253000		NT
25261000		NT
25262000		NT
25280000		NT
25291000		NT
25292100		NT
25292200		NT
25293000		NT
25301010		NT
25301090		NT
25302000		NT
25309010		NT
25309020		NT
25309030		NT
25309040		NT
25309090		NT
26011100		NT
26011210		NT
26011220		NT
26011290		NT
26012000		NT
26020010		NT
26020090		NT
26030010		NT
26030090		NT
26040000		NT
26050000		NT
26060011		NT
26060012		NT
26060090		NT
26070000		NT
26080010		NT
26080090		NT
26090000		NT
26100010		NT
26100090		NT
26110000		NT
26121000		NT
26122000		NT
26131010		NT
26131090		NT
26139010		NT
26139090		NT
26140010		NT
26140090		NT
26151010		NT
26151020		NT
26151090		NT
26159000		NT
26161000		NT
26169000		NT
26171000		NT
26179000		NT
26180000		NT
26190000		NT
26201100		NT
26201900		NT
26202100		NT
26202900		NT
26203000		NT
26204000		NT
26206000		NT
26209100		NT
26209910		NT
26209990		NT
26211000		NT
26219010		NT
26219090		NT
27011100		NT
27011200		NT
27011900		NT
27012000		NT
27021000		NT
27022000		NT
27030000		NT
27040011		NT
27040012		NT
27040090		NT
27050000		NT
27060000		NT
27071000		0.00
27072000		0.00
27073000		0.00
27074000		0.00
27075010		0.00
27075090		0.00
27079100		0.00
27079910		0.00
27079990		0.00
27081000		3.25
27082000		3.25
27090010		NT
27090090		NT
27101210		5.20
27101221		5.20
27101229		5.20
27101230		NT
27101241		NT
27101249		NT
27101251		NT
27101259		NT
27101260		5.20
27101290		5.20
27101290	1	NT
27101290	2	NT
27101911		NT
27101919		NT
27101921		NT
27101922		NT
27101929		NT
27101931		NT
27101932		NT
27101991		0.00
27101992		5.20
27101993		5.20
27101994		5.20
27101999		5.20
27101999	1	NT
27101999	2	NT
27102000		NT
27102000	1	5.20
27109110		0.00
27109120		0.00
27109190		0.00
27109900		0.00
27111100		NT
27111210		NT
27111290		NT
27111300		NT
27111400		NT
27111910		NT
27111990		NT
27112100		NT
27112910		NT
27112990		NT
27121000		5.20
27122000		0.00
27129000		0.00
27131100		2.60
27131200		2.60
27132000		0.00
27139000		2.60
27141000		NT
27149000		NT
27150000		0.00
27160000		NT
28011000		0.00
28012010		0.00
28012090		0.00
28013000		0.00
28020000		0.00
28030011		0.00
28030019		0.00
28030090		0.00
28041000		0.00
28042100		0.00
28042910		0.00
28042990		0.00
28043000		0.00
28044000		0.00
28045000		0.00
28046100		0.00
28046900		0.00
28047010		0.00
28047020		0.00
28047030		0.00
28048000		0.00
28049000		0.00
28051100		0.00
28051200		0.00
28051910		0.00
28051920		0.00
28051990		0.00
28053010		0.00
28053090		0.00
28054000		0.00
28061010		0.00
28061020		0.00
28062000		0.00
28070010		0.00
28070020		0.00
28080010		0.00
28080020		0.00
28091000		0.00
28092011		0.00
28092019		0.00
28092020		0.00
28092030		0.00
28092090		0.00
28100010		0.00
28100090		0.00
28111100		0.00
28111200		0.00
28111910		0.00
28111920		0.00
28111930		0.00
28111940		0.00
28111990		0.00
28112100		0.00
28112210		0.00
28112220		0.00
28112230		0.00
28112290		0.00
28112910		0.00
28112990		0.00
28121100		0.00
28121200		0.00
28121300		0.00
28121400		0.00
28121500		0.00
28121600		0.00
28121700		0.00
28121911		0.00
28121919		0.00
28121920		0.00
28129000		0.00
28131000		0.00
28139010		0.00
28139090		0.00
28141000		0.00
28142000		0.00
28151100		0.00
28151200		0.00
28152000		0.00
28153000		0.00
28161010		0.00
28161020		0.00
28164010		0.00
28164090		0.00
28170010		0.00
28170020		0.00
28181010		0.00
28181090		0.00
28182010		0.00
28182090		0.00
28183000		0.00
28191000		0.00
28199010		0.00
28199020		0.00
28201010		0.00
28201090		0.00
28209010		0.00
28209020		0.00
28209030		0.00
28209040		0.00
28211011		0.00
28211019		0.00
28211020		0.00
28211030		0.00
28211090		0.00
28212000		0.00
28220010		0.00
28220090		0.00
28230010		0.00
28230090		0.00
28241000		0.00
28249010		0.00
28249090		0.00
28251010		0.00
28251020		0.00
28252010		0.00
28252020		0.00
28253010		0.00
28253090		0.00
28254010		0.00
28254090		0.00
28255010		0.00
28255090		0.00
28256010		0.00
28256020		0.00
28257010		0.00
28257090		0.00
28258010		0.00
28258090		0.00
28259010		0.00
28259020		0.00
28259090		0.00
28261200		0.00
28261910		0.00
28261920		0.00
28261990		0.00
28263000		0.00
28269010		0.00
28269020		0.00
28269090		0.00
28271000		0.00
28272010		0.00
28272090		0.00
28273110		0.00
28273190		0.00
28273200		0.00
28273500		0.00
28273910		0.00
28273920		0.00
28273931		0.00
28273939		0.00
28273940		0.00
28273950		0.00
28273960		0.00
28273970		0.00
28273991		0.00
28273992		0.00
28273993		0.00
28273994		0.00
28273995		0.00
28273996		0.00
28273997		0.00
28273998		0.00
28273999		0.00
28274110		0.00
28274120		0.00
28274911		0.00
28274912		0.00
28274919		0.00
28274921		0.00
28274929		0.00
28275100		0.00
28275900		0.00
28276011		0.00
28276012		0.00
28276019		0.00
28276021		0.00
28276029		0.00
28281000		0.00
28289011		0.00
28289019		0.00
28289020		0.00
28289090		0.00
28291100		0.00
28291910		0.00
28291920		0.00
28291990		0.00
28299011		0.00
28299012		0.00
28299019		0.00
28299021		0.00
28299022		0.00
28299029		0.00
28299031		0.00
28299032		0.00
28299039		0.00
28299040		0.00
28299050		0.00
28301010		0.00
28301020		0.00
28309011		0.00
28309012		0.00
28309013		0.00
28309014		0.00
28309015		0.00
28309016		0.00
28309019		0.00
28309020		0.00
28311011		0.00
28311019		0.00
28311021		0.00
28311029		0.00
28319010		0.00
28319090		0.00
28321010		0.00
28321090		0.00
28322000		0.00
28323010		0.00
28323020		0.00
28323090		0.00
28331110		0.00
28331190		0.00
28331900		0.00
28332100		0.00
28332200		0.00
28332400		0.00
28332510		0.00
28332520		0.00
28332710		0.00
28332790		0.00
28332910		0.00
28332920		0.00
28332930		0.00
28332940		0.00
28332950		0.00
28332960		0.00
28332970		0.00
28332990		0.00
28333000		0.00
28334010		0.00
28334020		0.00
28334090		0.00
28341010		0.00
28341090		0.00
28342110		0.00
28342190		0.00
28342910		NT
28342930		0.00
28342940		0.00
28342990		0.00
28351011		0.00
28351019		0.00
28351021		0.00
28351029		0.00
28352200		0.00
28352400		0.00
28352500		0.00
28352600		0.00
28352910		0.00
28352920		0.00
28352930		0.00
28352940		0.00
28352950		0.00
28352960		0.00
28352970		0.00
28352980		0.00
28352990		0.00
28353110		0.00
28353190		0.00
28353910		0.00
28353920		0.00
28353930		0.00
28353990		0.00
28362010		0.00
28362090		0.00
28363000		0.00
28364000		0.00
28365000		0.00
28366010		0.00
28366090		0.00
28369100		0.00
28369200		0.00
28369911		0.00
28369912		0.00
28369913		0.00
28369919		0.00
28369920		0.00
28371100		0.00
28371911		0.00
28371912		0.00
28371914		0.00
28371915		0.00
28371919		0.00
28371920		0.00
28372011		0.00
28372012		0.00
28372019		0.00
28372021		0.00
28372022		0.00
28372023		0.00
28372029		0.00
28372090		0.00
28391100		0.00
28391900		0.00
28399010		0.00
28399020		0.00
28399030		0.00
28399040		0.00
28399050		0.00
28399090		0.00
28401100		0.00
28401900		0.00
28402000		0.00
28403000		0.00
28413000		0.00
28415011		0.00
28415012		0.00
28415013		0.00
28415014		0.00
28415015		0.00
28415016		0.00
28415019		0.00
28415020		0.00
28416100		0.00
28416910		0.00
28416920		0.00
28416930		0.00
28417010		0.00
28417020		0.00
28417090		0.00
28418010		0.00
28418020		0.00
28418090		0.00
28419011		0.00
28419012		0.00
28419013		0.00
28419014		0.00
28419015		0.00
28419019		0.00
28419021		0.00
28419022		0.00
28419029		0.00
28419030		0.00
28419041		0.00
28419042		0.00
28419043		0.00
28419049		0.00
28419050		0.00
28419060		0.00
28419070		0.00
28419081		0.00
28419082		0.00
28419083		0.00
28419089		0.00
28419090		0.00
28421010		0.00
28421090		0.00
28429000		0.00
28431000		0.00
28432100		0.00
28432910		0.00
28432990		0.00
28433010		0.00
28433090		0.00
28439011		0.00
28439019		0.00
28439020		0.00
28439030		0.00
28439040		0.00
28439090		0.00
28441000		0.00
28442000		0.00
28443000		0.00
28444100		0.00
28444200		0.00
28444310		0.00
28444320		0.00
28444330		0.00
28444390		0.00
28444400		0.00
28445000		0.00
28451000		0.00
28452000		0.00
28453000		0.00
28454000		0.00
28459000		0.00
28461010		0.00
28461090		0.00
28469010		0.00
28469020		0.00
28469030		0.00
28469090		0.00
28470000		0.00
28491000		0.00
28492000		0.00
28499010		0.00
28499020		0.00
28499030		0.00
28499090		0.00
28500010		0.00
28500020		0.00
28500090		0.00
28521011		0.00
28521012		0.00
28521013		0.00
28521014		0.00
28521019		0.00
28521021		0.00
28521022		0.00
28521023		0.00
28521024		0.00
28521025		0.00
28521029		0.00
28529000		0.00
28531000		0.00
28539011		0.00
28539012		0.00
28539013		0.00
28539019		0.00
28539020		0.00
28539030		0.00
28539090		0.00
28539090	1	NT
29011000		0.00
29012100		0.00
29012200		0.00
29012300		0.00
29012410		0.00
29012420		0.00
29012900		0.00
29021100		0.00
29021910		0.00
29021990		0.00
29022000		0.00
29023000		0.00
29024100		0.00
29024200		0.00
29024300		0.00
29024400		0.00
29025000		0.00
29026000		0.00
29027000		0.00
29029010		0.00
29029020		0.00
29029030		0.00
29029040		0.00
29029090		0.00
29031110		0.00
29031120		0.00
29031200		0.00
29031300		0.00
29031400		0.00
29031500		0.00
29031910		0.00
29031920		0.00
29031990		0.00
29032100		0.00
29032200		0.00
29032300		0.00
29032910		0.00
29032990		0.00
29034100		0.00
29034200		0.00
29034300		0.00
29034400		0.00
29034510		0.00
29034520		0.00
29034600		0.00
29034700		0.00
29034800		0.00
29034900		0.00
29035100		0.00
29035910		0.00
29035990		0.00
29036100		0.00
29036200		0.00
29036910		0.00
29036920		0.00
29036990		0.00
29037100		0.00
29037200		0.00
29037300		0.00
29037400		0.00
29037500		0.00
29037600		0.00
29037711		0.00
29037712		0.00
29037713		0.00
29037721		0.00
29037722		0.00
29037723		0.00
29037724		0.00
29037731		0.00
29037732		0.00
29037733		0.00
29037734		0.00
29037735		0.00
29037736		0.00
29037737		0.00
29037790		0.00
29037800		0.00
29037911		0.00
29037912		0.00
29037919		0.00
29037920		0.00
29037931		0.00
29037939		0.00
29037990		0.00
29038110		0.00
29038120		0.00
29038130		0.00
29038190		0.00
29038210		0.00
29038220		0.00
29038230		0.00
29038300		0.00
29038910		0.00
29038990		0.00
29039110		0.00
29039120		0.00
29039130		0.00
29039210		0.00
29039220		0.00
29039300		0.00
29039400		0.00
29039911		0.00
29039912		0.00
29039913		0.00
29039914		0.00
29039915		0.00
29039916		0.00
29039917		0.00
29039918		0.00
29039919		0.00
29039921		0.00
29039922		0.00
29039923		0.00
29039924		0.00
29039929		0.00
29039931		0.00
29039939		0.00
29039990		0.00
29041011		0.00
29041012		0.00
29041013		0.00
29041019		0.00
29041020		0.00
29041030		0.00
29041040		0.00
29041051		0.00
29041052		0.00
29041053		0.00
29041059		0.00
29041060		0.00
29041090		0.00
29042010		0.00
29042020		0.00
29042030		0.00
29042041		0.00
29042049		0.00
29042051		0.00
29042052		0.00
29042059		0.00
29042060		0.00
29042070		0.00
29042090		0.00
29043100		0.00
29043200		0.00
29043300		0.00
29043400		0.00
29043500		0.00
29043600		0.00
29049100		0.00
29049911		0.00
29049912		0.00
29049913		0.00
29049914		0.00
29049915		0.00
29049916		0.00
29049919		0.00
29049921		0.00
29049929		0.00
29049930		0.00
29049940		0.00
29049990		0.00
29051100		0.00
29051210		0.00
29051220		0.00
29051300		0.00
29051410		0.00
29051420		0.00
29051430		0.00
29051600		0.00
29051710		0.00
29051720		0.00
29051730		0.00
29051911		0.00
29051912		0.00
29051919		0.00
29051921		0.00
29051922		0.00
29051923		0.00
29051929		0.00
29051991		0.00
29051992		0.00
29051993		0.00
29051994		0.00
29051995		0.00
29051996		0.00
29051999		0.00
29052210		0.00
29052220		0.00
29052230		0.00
29052290		0.00
29052910		0.00
29052990		0.00
29053100		0.00
29053200		0.00
29053910		0.00
29053920		0.00
29053930		0.00
29053990		0.00
29054100		0.00
29054200		0.00
29054300		0.00
29054400		0.00
29054500		0.00
29054900		0.00
29055100		0.00
29055910		0.00
29055990		0.00
29061100		0.00
29061200		0.00
29061300		0.00
29061910		0.00
29061920		0.00
29061930		0.00
29061940		0.00
29061950		0.00
29061990		0.00
29062100		0.00
29062910		0.00
29062920		0.00
29062990		0.00
29071100		0.00
29071200		0.00
29071300		0.00
29071510		0.00
29071590		0.00
29071910		0.00
29071920		0.00
29071930		0.00
29071940		0.00
29071990		0.00
29072100		0.00
29072200		0.00
29072300		0.00
29072900		0.00
29081100		0.00
29081911		0.00
29081912		0.00
29081913		0.00
29081914		0.00
29081915		0.00
29081916		0.00
29081919		0.00
29081921		0.00
29081929		0.00
29081990		0.00
29089100		0.00
29089200		0.00
29089912		0.00
29089913		0.00
29089919		0.00
29089921		0.00
29089929		0.00
29089930		0.00
29089990		0.00
29091100		0.00
29091910		0.00
29091920		0.00
29091990		0.00
29092000		0.00
29093011		0.00
29093012		0.00
29093013		0.00
29093014		0.00
29093019		0.00
29093021		0.00
29093022		0.00
29093023		0.00
29093024		0.00
29093025		0.00
29093029		0.00
29094100		0.00
29094310		0.00
29094320		0.00
29094411		0.00
29094412		0.00
29094413		0.00
29094419		0.00
29094421		0.00
29094429		0.00
29094910		0.00
29094921		0.00
29094922		0.00
29094923		0.00
29094924		0.00
29094929		0.00
29094931		0.00
29094932		0.00
29094939		0.00
29094941		0.00
29094949		0.00
29094950		0.00
29094990		0.00
29095011		0.00
29095012		0.00
29095013		0.00
29095019		0.00
29095090		0.00
29096011		0.00
29096012		0.00
29096013		0.00
29096019		0.00
29096090		0.00
29101000		0.00
29102000		0.00
29103000		0.00
29104000		0.00
29105000		0.00
29109010		0.00
29109090		0.00
29110010		0.00
29110090		0.00
29121100		0.00
29121200		0.00
29121911		0.00
29121912		0.00
29121919		0.00
29121921		0.00
29121922		0.00
29121923		0.00
29121929		0.00
29121991		0.00
29121999		0.00
29122100		0.00
29122910		0.00
29122920		0.00
29122990		0.00
29124100		0.00
29124200		0.00
29124910		0.00
29124920		0.00
29124930		0.00
29124941		0.00
29124949		0.00
29124990		0.00
29125000		0.00
29126000		0.00
29130010		0.00
29130090		0.00
29141100		0.00
29141200		0.00
29141300		0.00
29141910		0.00
29141921		0.00
29141922		0.00
29141923		0.00
29141929		0.00
29141930		0.00
29141940		0.00
29141950		0.00
29141990		0.00
29142210		0.00
29142220		0.00
29142310		0.00
29142320		0.00
29142910		0.00
29142920		0.00
29142990		0.00
29143100		0.00
29143910		0.00
29143990		0.00
29144010		0.00
29144091		0.00
29144099		0.00
29145010		0.00
29145020		0.00
29145090		0.00
29146100		0.00
29146200		0.00
29146910		0.00
29146920		0.00
29146990		0.00
29147100		0.00
29147911		0.00
29147919		0.00
29147921		0.00
29147922		0.00
29147929		0.00
29147990		0.00
29151100		0.00
29151210		0.00
29151290		0.00
29151310		0.00
29151390		0.00
29152100		0.00
29152400		0.00
29152910		0.00
29152920		0.00
29152990		0.00
29153100		0.00
29153200		0.00
29153300		0.00
29153600		0.00
29153910		0.00
29153921		0.00
29153929		0.00
29153931		0.00
29153932		0.00
29153939		0.00
29153941		0.00
29153942		0.00
29153951		0.00
29153952		0.00
29153953		0.00
29153954		0.00
29153955		0.00
29153961		0.00
29153962		0.00
29153963		0.00
29153991		0.00
29153992		0.00
29153993		0.00
29153994		0.00
29153999		0.00
29154010		0.00
29154020		0.00
29154090		0.00
29155010		0.00
29155020		0.00
29155030		0.00
29156011		0.00
29156012		0.00
29156019		0.00
29156021		0.00
29156029		0.00
29157011		0.00
29157019		0.00
29157020		0.00
29157031		0.00
29157039		0.00
29157040		0.00
29159010		0.00
29159021		0.00
29159022		0.00
29159023		0.00
29159024		0.00
29159029		0.00
29159031		0.00
29159032		0.00
29159033		0.00
29159039		0.00
29159041		0.00
29159043		0.00
29159049		0.00
29159050		0.00
29159060		0.00
29159070		0.00
29159090		0.00
29161110		0.00
29161120		0.00
29161210		0.00
29161220		0.00
29161230		0.00
29161240		0.00
29161290		0.00
29161310		0.00
29161320		0.00
29161410		0.00
29161420		0.00
29161430		0.00
29161490		0.00
29161511		0.00
29161519		0.00
29161520		0.00
29161600		0.00
29161911		0.00
29161919		0.00
29161921		0.00
29161922		0.00
29161923		0.00
29161929		0.00
29161990		0.00
29162011		0.00
29162012		0.00
29162013		0.00
29162014		0.00
29162015		0.00
29162019		0.00
29162090		0.00
29163110		0.00
29163121		0.00
29163122		0.00
29163129		0.00
29163131		0.00
29163132		0.00
29163139		0.00
29163210		0.00
29163220		0.00
29163400		0.00
29163910		0.00
29163920		0.00
29163930		0.00
29163940		0.00
29163990		0.00
29171110		0.00
29171120		0.00
29171210		0.00
29171220		0.00
29171310		0.00
29171321		0.00
29171322		0.00
29171323		0.00
29171329		0.00
29171400		0.00
29171910		0.00
29171921		0.00
29171922		0.00
29171930		0.00
29171990		0.00
29172000		0.00
29173200		0.00
29173300		0.00
29173400		0.00
29173500		0.00
29173600		0.00
29173700		0.00
29173911		0.00
29173919		0.00
29173920		0.00
29173931		0.00
29173939		0.00
29173940		0.00
29173950		0.00
29173990		0.00
29181100		0.00
29181200		0.00
29181310		0.00
29181320		0.00
29181400		0.00
29181500		0.00
29181610		0.00
29181690		0.00
29181700		0.00
29181800		0.00
29181910		0.00
29181921		0.00
29181922		0.00
29181929		0.00
29181930		0.00
29181942		0.00
29181943		0.00
29181990		0.00
29182110		0.00
29182120		0.00
29182211		0.00
29182212		0.00
29182219		0.00
29182220		0.00
29182300		0.00
29182910		0.00
29182921		0.00
29182922		0.00
29182923		0.00
29182929		0.00
29182930		0.00
29182940		0.00
29182950		0.00
29182990		0.00
29183010		0.00
29183020		0.00
29183031		0.00
29183032		0.00
29183033		0.00
29183039		0.00
29183040		0.00
29183090		0.00
29189100		0.00
29189911		0.00
29189912		0.00
29189919		0.00
29189921		0.00
29189929		0.00
29189930		0.00
29189940		0.00
29189950		0.00
29189960		0.00
29189991		0.00
29189992		0.00
29189993		0.00
29189994		0.00
29189999		0.00
29191000		0.00
29199010		0.00
29199020		0.00
29199030		0.00
29199040		0.00
29199050		0.00
29199060		0.00
29199090		0.00
29201110		0.00
29201120		0.00
29201910		0.00
29201920		0.00
29201990		0.00
29202100		0.00
29202200		0.00
29202300		0.00
29202400		0.00
29202910		0.00
29202920		0.00
29202930		0.00
29202940		0.00
29202950		0.00
29202990		0.00
29203000		0.00
29209022		0.00
29209029		0.00
29209031		0.00
29209032		0.00
29209033		0.00
29209039		0.00
29209041		0.00
29209042		0.00
29209049		0.00
29209051		0.00
29209059		0.00
29209090		0.00
29211111		0.00
29211112		0.00
29211121		0.00
29211122		0.00
29211123		0.00
29211129		0.00
29211131		0.00
29211132		0.00
29211139		0.00
29211200		0.00
29211300		0.00
29211400		0.00
29211911		0.00
29211912		0.00
29211913		0.00
29211914		0.00
29211915		0.00
29211919		0.00
29211921		0.00
29211922		0.00
29211923		0.00
29211924		0.00
29211929		0.00
29211931		0.00
29211939		0.00
29211941		0.00
29211949		0.00
29211991		0.00
29211992		0.00
29211993		0.00
29211994		0.00
29211999		0.00
29212100		0.00
29212200		0.00
29212910		0.00
29212920		0.00
29212990		0.00
29213011		0.00
29213012		0.00
29213019		0.00
29213020		0.00
29213090		0.00
29214100		0.00
29214211		0.00
29214219		0.00
29214221		0.00
29214229		0.00
29214231		0.00
29214239		0.00
29214241		0.00
29214249		0.00
29214290		0.00
29214311		0.00
29214319		0.00
29214321		0.00
29214322		0.00
29214323		0.00
29214329		0.00
29214410		0.00
29214421		0.00
29214422		0.00
29214429		0.00
29214500		0.00
29214610		0.00
29214620		0.00
29214630		0.00
29214640		0.00
29214650		0.00
29214660		0.00
29214670		0.00
29214680		0.00
29214690		0.00
29214910		0.00
29214921		0.00
29214922		0.00
29214929		0.00
29214931		0.00
29214939		0.00
29214990		0.00
29215111		0.00
29215112		0.00
29215119		0.00
29215120		0.00
29215131		0.00
29215132		0.00
29215133		0.00
29215134		0.00
29215135		0.00
29215139		0.00
29215190		0.00
29215911		0.00
29215919		0.00
29215921		0.00
29215929		0.00
29215931		0.00
29215932		0.00
29215939		0.00
29215990		0.00
29221100		0.00
29221200		0.00
29221400		0.00
29221500		0.00
29221600		0.00
29221700		0.00
29221800		0.00
29221911		0.00
29221912		0.00
29221913		0.00
29221919		0.00
29221921		0.00
29221929		0.00
29221931		0.00
29221939		0.00
29221941		0.00
29221949		0.00
29221951		0.00
29221952		0.00
29221959		0.00
29221971		0.00
29221979		0.00
29221981		0.00
29221989		0.00
29221991		0.00
29221992		0.00
29221993		0.00
29221994		0.00
29221995		0.00
29221996		0.00
29221999		0.00
29222100		0.00
29222911		0.00
29222919		0.00
29222920		0.00
29222990		0.00
29223111		0.00
29223112		0.00
29223120		0.00
29223130		0.00
29223910		0.00
29223921		0.00
29223929		0.00
29223990		0.00
29224110		0.00
29224190		0.00
29224210		0.00
29224220		0.00
29224300		0.00
29224410		0.00
29224420		0.00
29224910		0.00
29224920		0.00
29224931		0.00
29224932		0.00
29224940		0.00
29224951		0.00
29224952		0.00
29224959		0.00
29224961		0.00
29224962		0.00
29224963		0.00
29224964		0.00
29224969		0.00
29224990		0.00
29225011		0.00
29225019		0.00
29225031		0.00
29225032		0.00
29225039		0.00
29225091		0.00
29225099		0.00
29231000		0.00
29232000		0.00
29233000		0.00
29234000		0.00
29239010		0.00
29239020		0.00
29239030		0.00
29239040		0.00
29239050		0.00
29239060		0.00
29239090		0.00
29241100		0.00
29241210		0.00
29241220		0.00
29241230		0.00
29241911		0.00
29241919		0.00
29241921		0.00
29241922		0.00
29241929		0.00
29241931		0.00
29241932		0.00
29241939		0.00
29241942		0.00
29241949		0.00
29241991		0.00
29241992		0.00
29241993		0.00
29241994		0.00
29241999		0.00
29242111		0.00
29242119		0.00
29242120		0.00
29242190		0.00
29242300		0.00
29242400		0.00
29242500		0.00
29242911		0.00
29242912		0.00
29242913		0.00
29242914		0.00
29242915		0.00
29242919		0.00
29242920		0.00
29242931		0.00
29242932		0.00
29242939		0.00
29242941		0.00
29242943		0.00
29242944		0.00
29242945		0.00
29242946		0.00
29242947		0.00
29242949		0.00
29242951		0.00
29242952		0.00
29242959		0.00
29242961		0.00
29242962		0.00
29242963		0.00
29242964		0.00
29242969		0.00
29242991		0.00
29242992		0.00
29242993		0.00
29242994		0.00
29242995		0.00
29242996		0.00
29242999		0.00
29251100		0.00
29251200		0.00
29251910		0.00
29251990		0.00
29252100		0.00
29252911		0.00
29252919		0.00
29252921		0.00
29252922		0.00
29252923		0.00
29252929		0.00
29252930		0.00
29252940		0.00
29252950		0.00
29252990		0.00
29261000		0.00
29262000		0.00
29263011		0.00
29263012		0.00
29263020		0.00
29264000		0.00
29269011		0.00
29269012		0.00
29269019		0.00
29269021		0.00
29269022		0.00
29269023		0.00
29269024		0.00
29269025		0.00
29269026		0.00
29269029		0.00
29269030		0.00
29269091		0.00
29269092		0.00
29269093		0.00
29269095		0.00
29269096		0.00
29269099		0.00
29270010		0.00
29270021		0.00
29270029		0.00
29270030		0.00
29280011		0.00
29280019		0.00
29280020		0.00
29280030		0.00
29280041		0.00
29280042		0.00
29280090		0.00
29291010		0.00
29291021		0.00
29291029		0.00
29291030		0.00
29291090		0.00
29299011		0.00
29299012		0.00
29299019		0.00
29299021		0.00
29299022		0.00
29299029		0.00
29299031		0.00
29299039		0.00
29299040		0.00
29299050		0.00
29299060		0.00
29299090		0.00
29301000		0.00
29302011		0.00
29302012		0.00
29302013		0.00
29302019		0.00
29302021		0.00
29302022		0.00
29302023		0.00
29302024		0.00
29302029		0.00
29303011		0.00
29303012		0.00
29303019		0.00
29303021		0.00
29303022		0.00
29303029		0.00
29303090		0.00
29304010		0.00
29304090		0.00
29306000		0.00
29307000		0.00
29308010		0.00
29308020		0.00
29308030		0.00
29309011		0.00
29309012		0.00
29309013		0.00
29309019		0.00
29309021		0.00
29309022		0.00
29309023		0.00
29309029		0.00
29309031		0.00
29309032		0.00
29309033		0.00
29309034		0.00
29309035		0.00
29309036		0.00
29309037		0.00
29309039		0.00
29309041		0.00
29309042		0.00
29309043		0.00
29309049		0.00
29309051		0.00
29309052		0.00
29309053		0.00
29309054		0.00
29309057		0.00
29309059		0.00
29309061		0.00
29309069		0.00
29309071		0.00
29309072		0.00
29309079		0.00
29309081		0.00
29309082		0.00
29309083		0.00
29309084		0.00
29309085		0.00
29309086		0.00
29309087		0.00
29309088		0.00
29309089		0.00
29309091		0.00
29309093		0.00
29309094		0.00
29309095		0.00
29309096		0.00
29309097		0.00
29309098		0.00
29309099		0.00
29311000		0.00
29312000		0.00
29314100		0.00
29314200		0.00
29314300		0.00
29314400		0.00
29314500		0.00
29314600		0.00
29314700		0.00
29314800		0.00
29314911		0.00
29314912		0.00
29314913		0.00
29314914		0.00
29314915		0.00
29314916		0.00
29314920		0.00
29314931		0.00
29314932		0.00
29314939		0.00
29314940		0.00
29314990		0.00
29315100		0.00
29315200		0.00
29315300		0.00
29315400		0.00
29315911		0.00
29315912		0.00
29315913		0.00
29315991		0.00
29315992		0.00
29315993		0.00
29315994		0.00
29315995		0.00
29315996		0.00
29315998		0.00
29315999		0.00
29319021		0.00
29319029		0.00
29319041		0.00
29319042		0.00
29319043		0.00
29319044		0.00
29319045		0.00
29319046		0.00
29319049		0.00
29319051		0.00
29319052		0.00
29319053		0.00
29319054		0.00
29319059		0.00
29319061		0.00
29319062		0.00
29319069		0.00
29319090		0.00
29321100		0.00
29321200		0.00
29321310		0.00
29321320		0.00
29321400		0.00
29321910		0.00
29321920		0.00
29321930		0.00
29321940		0.00
29321950		0.00
29321990		0.00
29322000		0.00
29329100		0.00
29329200		0.00
29329300		0.00
29329400		0.00
29329500		0.00
29329600		0.00
29329911		0.00
29329912		0.00
29329913		0.00
29329991		0.00
29329992		0.00
29329993		0.00
29329994		0.00
29329999		0.00
29331111		0.00
29331112		0.00
29331119		0.00
29331120		0.00
29331190		0.00
29331911		0.00
29331919		0.00
29331990		0.00
29332110		0.00
29332121		0.00
29332129		0.00
29332190		0.00
29332911		0.00
29332912		0.00
29332913		0.00
29332919		0.00
29332921		0.00
29332922		0.00
29332923		0.00
29332924		0.00
29332925		0.00
29332929		0.00
29332930		0.00
29332940		0.00
29332991		0.00
29332992		0.00
29332993		0.00
29332994		0.00
29332995		0.00
29332999		0.00
29333110		0.00
29333120		0.00
29333200		0.00
29333311		0.00
29333312		0.00
29333319		0.00
29333321		0.00
29333322		0.00
29333329		0.00
29333331		0.00
29333332		0.00
29333339		0.00
29333341		0.00
29333342		0.00
29333349		0.00
29333351		0.00
29333352		0.00
29333359		0.00
29333361		0.00
29333362		0.00
29333363		0.00
29333369		0.00
29333371		0.00
29333372		0.00
29333379		0.00
29333381		0.00
29333382		0.00
29333383		0.00
29333384		0.00
29333389		0.00
29333391		0.00
29333392		0.00
29333393		0.00
29333394		0.00
29333399		0.00
29333400		0.00
29333500		0.00
29333600		0.00
29333700		0.00
29333912		0.00
29333913		0.00
29333914		0.00
29333915		0.00
29333919		0.00
29333921		0.00
29333922		0.00
29333923		0.00
29333924		0.00
29333925		0.00
29333929		0.00
29333931		0.00
29333932		0.00
29333933		0.00
29333934		0.00
29333935		0.00
29333936		0.00
29333937		0.00
29333939		0.00
29333941		0.00
29333942		0.00
29333943		0.00
29333944		0.00
29333945		0.00
29333946		0.00
29333948		0.00
29333949		0.00
29333981		0.00
29333982		0.00
29333983		0.00
29333984		0.00
29333989		0.00
29333991		0.00
29333992		0.00
29333993		0.00
29333994		0.00
29333999		0.00
29334110		0.00
29334120		0.00
29334911		0.00
29334912		0.00
29334913		0.00
29334919		0.00
29334920		0.00
29334930		0.00
29334940		0.00
29334990		0.00
29335200		0.00
29335311		0.00
29335312		0.00
29335321		0.00
29335322		0.00
29335323		0.00
29335330		0.00
29335340		0.00
29335350		0.00
29335360		0.00
29335371		0.00
29335372		0.00
29335380		0.00
29335400		0.00
29335510		0.00
29335520		0.00
29335530		0.00
29335540		0.00
29335911		0.00
29335912		0.00
29335913		0.00
29335914		0.00
29335915		0.00
29335916		0.00
29335919		0.00
29335921		0.00
29335922		0.00
29335923		0.00
29335929		0.00
29335931		0.00
29335932		0.00
29335933		0.00
29335934		0.00
29335935		0.00
29335939		0.00
29335941		0.00
29335942		0.00
29335943		0.00
29335944		0.00
29335945		0.00
29335949		0.00
29335991		0.00
29335992		0.00
29335999		0.00
29336100		0.00
29336911		0.00
29336912		0.00
29336913		0.00
29336914		0.00
29336915		0.00
29336916		0.00
29336919		0.00
29336921		0.00
29336922		0.00
29336923		0.00
29336929		0.00
29336991		0.00
29336992		0.00
29336999		0.00
29337100		0.00
29337210		0.00
29337220		0.00
29337910		0.00
29337990		0.00
29339111		0.00
29339112		0.00
29339113		0.00
29339114		0.00
29339115		0.00
29339119		0.00
29339121		0.00
29339122		0.00
29339123		0.00
29339129		0.00
29339131		0.00
29339132		0.00
29339133		0.00
29339134		0.00
29339139		0.00
29339141		0.00
29339142		0.00
29339143		0.00
29339149		0.00
29339151		0.00
29339152		0.00
29339153		0.00
29339159		0.00
29339161		0.00
29339162		0.00
29339163		0.00
29339164		0.00
29339169		0.00
29339171		0.00
29339172		0.00
29339173		0.00
29339179		0.00
29339181		0.00
29339182		0.00
29339183		0.00
29339189		0.00
29339200		0.00
29339911		0.00
29339912		0.00
29339913		0.00
29339919		0.00
29339920		0.00
29339931		0.00
29339932		0.00
29339933		0.00
29339934		0.00
29339935		0.00
29339939		0.00
29339941		0.00
29339942		0.00
29339943		0.00
29339944		0.00
29339945		0.00
29339946		0.00
29339947		0.00
29339949		0.00
29339951		0.00
29339952		0.00
29339953		0.00
29339954		0.00
29339955		0.00
29339956		0.00
29339959		0.00
29339961		0.00
29339962		0.00
29339963		0.00
29339969		0.00
29339991		0.00
29339992		0.00
29339993		0.00
29339995		0.00
29339996		0.00
29339999		0.00
29341010		0.00
29341020		0.00
29341030		0.00
29341090		0.00
29342010		0.00
29342020		0.00
29342031		0.00
29342032		0.00
29342033		0.00
29342034		0.00
29342039		0.00
29342040		0.00
29342090		0.00
29343010		0.00
29343020		0.00
29343030		0.00
29343090		0.00
29349111		0.00
29349112		0.00
29349121		0.00
29349122		0.00
29349123		0.00
29349129		0.00
29349131		0.00
29349132		0.00
29349133		0.00
29349141		0.00
29349142		0.00
29349149		0.00
29349150		0.00
29349160		0.00
29349170		0.00
29349200		0.00
29349911		0.00
29349912		0.00
29349913		0.00
29349914		0.00
29349915		0.00
29349919		0.00
29349922		0.00
29349923		0.00
29349924		0.00
29349925		0.00
29349926		0.00
29349927		0.00
29349929		0.00
29349931		0.00
29349932		0.00
29349933		0.00
29349934		0.00
29349935		0.00
29349939		0.00
29349941		0.00
29349942		0.00
29349943		0.00
29349944		0.00
29349945		0.00
29349946		0.00
29349949		0.00
29349951		0.00
29349952		0.00
29349953		0.00
29349954		0.00
29349959		0.00
29349961		0.00
29349969		0.00
29349991		0.00
29349992		0.00
29349993		0.00
29349999		0.00
29351000		0.00
29352000		0.00
29353000		0.00
29354000		0.00
29355000		0.00
29359011		0.00
29359012		0.00
29359013		0.00
29359014		0.00
29359015		0.00
29359019		0.00
29359021		0.00
29359022		0.00
29359023		0.00
29359024		0.00
29359025		0.00
29359029		0.00
29359091		0.00
29359092		0.00
29359093		0.00
29359094		0.00
29359095		0.00
29359096		0.00
29359099		0.00
29362111		0.00
29362112		0.00
29362113		0.00
29362119		0.00
29362190		0.00
29362210		0.00
29362220		0.00
29362290		0.00
29362310		0.00
29362320		0.00
29362390		0.00
29362410		0.00
29362490		0.00
29362510		0.00
29362520		0.00
29362590		0.00
29362610		0.00
29362620		0.00
29362630		0.00
29362690		0.00
29362710		0.00
29362720		0.00
29362790		0.00
29362811		0.00
29362812		0.00
29362819		0.00
29362890		0.00
29362911		0.00
29362919		0.00
29362921		0.00
29362929		0.00
29362931		0.00
29362939		0.00
29362940		0.00
29362951		0.00
29362952		0.00
29362953		0.00
29362959		0.00
29362990		0.00
29369000		0.00
29371100		0.00
29371200		0.00
29371910		0.00
29371920		0.00
29371930		0.00
29371940		0.00
29371950		0.00
29371990		0.00
29372110		0.00
29372120		0.00
29372130		0.00
29372140		0.00
29372210		0.00
29372221		0.00
29372229		0.00
29372231		0.00
29372239		0.00
29372290		0.00
29372310		0.00
29372321		0.00
29372322		0.00
29372329		0.00
29372331		0.00
29372339		0.00
29372341		0.00
29372342		0.00
29372349		0.00
29372351		0.00
29372359		0.00
29372360		0.00
29372370		0.00
29372391		0.00
29372392		0.00
29372399		0.00
29372910		0.00
29372920		0.00
29372931		0.00
29372939		0.00
29372940		0.00
29372950		0.00
29372960		0.00
29372990		0.00
29375000		0.00
29379010		0.00
29379030		0.00
29379040		0.00
29379090		0.00
29381000		0.00
29389010		0.00
29389020		0.00
29389090		0.00
29391110		0.00
29391121		0.00
29391122		0.00
29391123		0.00
29391131		0.00
29391132		0.00
29391140		0.00
29391151		0.00
29391152		0.00
29391153		0.00
29391161		0.00
29391162		0.00
29391169		0.00
29391170		0.00
29391181		0.00
29391182		0.00
29391191		0.00
29391192		0.00
29391900		0.00
29392000		0.00
29393010		0.00
29393020		0.00
29394100		0.00
29394200		0.00
29394300		0.00
29394400		0.00
29394510		0.00
29394520		0.00
29394530		0.00
29394900		0.00
29395100		0.00
29395910		0.00
29395920		0.00
29395990		0.00
29396100		0.00
29396200		0.00
29396300		0.00
29396911		0.00
29396919		0.00
29396921		0.00
29396929		0.00
29396931		0.00
29396939		0.00
29396941		0.00
29396942		0.00
29396949		0.00
29396951		0.00
29396952		0.00
29396959		0.00
29396990		0.00
29397210		0.00
29397220		0.00
29397290		0.00
29397911		0.00
29397919		0.00
29397920		0.00
29397931		0.00
29397939		0.00
29397940		0.00
29397990		0.00
29398010		0.00
29398090		0.00
29400011		0.00
29400012		0.00
29400013		0.00
29400019		0.00
29400021		0.00
29400022		0.00
29400023		0.00
29400029		0.00
29400092		0.00
29400093		0.00
29400094		0.00
29400099		0.00
29411010		0.00
29411020		0.00
29411031		0.00
29411039		0.00
29411041		0.00
29411042		0.00
29411043		0.00
29411049		0.00
29411090		0.00
29412010		0.00
29412090		0.00
29413010		0.00
29413020		0.00
29413031		0.00
29413032		0.00
29413090		0.00
29414011		0.00
29414019		0.00
29414020		0.00
29414090		0.00
29415010		0.00
29415020		0.00
29415090		0.00
29419011		0.00
29419012		0.00
29419013		0.00
29419019		0.00
29419021		0.00
29419022		0.00
29419029		0.00
29419031		0.00
29419032		0.00
29419033		0.00
29419034		0.00
29419035		0.00
29419036		0.00
29419037		0.00
29419039		0.00
29419041		0.00
29419042		0.00
29419043		0.00
29419049		0.00
29419051		0.00
29419059		0.00
29419061		0.00
29419062		0.00
29419069		0.00
29419071		0.00
29419072		0.00
29419073		0.00
29419079		0.00
29419081		0.00
29419082		0.00
29419083		0.00
29419089		0.00
29419091		0.00
29419092		0.00
29419099		0.00
29420000		0.00
30012010		0.00
30012090		0.00
30019010		0.00
30019020		0.00
30019031		0.00
30019039		0.00
30019090		0.00
30021211		0.00
30021212		0.00
30021213		0.00
30021214		0.00
30021215		0.00
30021216		0.00
30021219		0.00
30021221		0.00
30021222		0.00
30021223		0.00
30021224		0.00
30021229		0.00
30021231		0.00
30021232		0.00
30021233		0.00
30021234		0.00
30021235		0.00
30021236		0.00
30021239		0.00
30021300		0.00
30021400		0.00
30021510		0.00
30021520		0.00
30021590		0.00
30024111		0.00
30024112		0.00
30024113		0.00
30024114		0.00
30024115		0.00
30024116		0.00
30024117		0.00
30024118		0.00
30024119		0.00
30024121		0.00
30024122		0.00
30024123		0.00
30024124		0.00
30024125		0.00
30024126		0.00
30024127		0.00
30024128		0.00
30024129		0.00
30024210		0.00
30024220		0.00
30024230		0.00
30024240		0.00
30024250		0.00
30024260		0.00
30024270		0.00
30024280		0.00
30024290		0.00
30024910		0.00
30024920		0.00
30024991		0.00
30024992		0.00
30024993		0.00
30024994		0.00
30024999		0.00
30025100		0.00
30025900		0.00
30029000		0.00
30031011		0.00
30031012		0.00
30031013		0.00
30031014		0.00
30031015		0.00
30031019		0.00
30031020		0.00
30032011		0.00
30032019		0.00
30032021		0.00
30032029		0.00
30032031		0.00
30032032		0.00
30032039		0.00
30032041		0.00
30032049		0.00
30032051		0.00
30032052		0.00
30032059		0.00
30032061		0.00
30032062		0.00
30032063		0.00
30032069		0.00
30032071		0.00
30032072		0.00
30032073		0.00
30032079		0.00
30032091		0.00
30032092		0.00
30032093		0.00
30032094		0.00
30032095		0.00
30032099		0.00
30033100		0.00
30033911		0.00
30033912		0.00
30033913		0.00
30033914		0.00
30033915		0.00
30033916		0.00
30033917		0.00
30033918		0.00
30033919		0.00
30033921		0.00
30033922		0.00
30033923		0.00
30033924		0.00
30033925		0.00
30033926		0.00
30033927		0.00
30033929		0.00
30033931		0.00
30033932		0.00
30033933		0.00
30033934		0.00
30033935		0.00
30033936		0.00
30033937		0.00
30033939		0.00
30033981		0.00
30033982		0.00
30033991		0.00
30033992		0.00
30033994		0.00
30033995		0.00
30033999		0.00
30034100		0.00
30034200		0.00
30034300		0.00
30034910		0.00
30034920		0.00
30034930		0.00
30034940		0.00
30034950		0.00
30034990		0.00
30036000		0.00
30039011		0.00
30039012		0.00
30039013		0.00
30039014		0.00
30039015		0.00
30039016		0.00
30039017		0.00
30039019		0.00
30039021		0.00
30039022		0.00
30039023		0.00
30039024		0.00
30039025		0.00
30039029		0.00
30039031		0.00
30039032		0.00
30039033		0.00
30039034		0.00
30039035		0.00
30039036		0.00
30039037		0.00
30039038		0.00
30039039		0.00
30039041		0.00
30039042		0.00
30039043		0.00
30039044		0.00
30039045		0.00
30039046		0.00
30039047		0.00
30039048		0.00
30039049		0.00
30039051		0.00
30039052		0.00
30039053		0.00
30039054		0.00
30039055		0.00
30039056		0.00
30039057		0.00
30039058		0.00
30039059		0.00
30039061		0.00
30039062		0.00
30039063		0.00
30039064		0.00
30039065		0.00
30039066		0.00
30039067		0.00
30039069		0.00
30039071		0.00
30039072		0.00
30039073		0.00
30039074		0.00
30039075		0.00
30039076		0.00
30039077		0.00
30039078		0.00
30039079		0.00
30039081		0.00
30039082		0.00
30039083		0.00
30039084		0.00
30039085		0.00
30039086		0.00
30039087		0.00
30039088		0.00
30039089		0.00
30039091		0.00
30039092		0.00
30039093		0.00
30039094		0.00
30039095		0.00
30039096		0.00
30039097		0.00
30039099		0.00
30041011		0.00
30041012		0.00
30041013		0.00
30041014		0.00
30041015		0.00
30041019		0.00
30041020		0.00
30042011		0.00
30042019		0.00
30042021		0.00
30042029		0.00
30042031		0.00
30042032		0.00
30042039		0.00
30042041		0.00
30042049		0.00
30042051		0.00
30042052		0.00
30042059		0.00
30042061		0.00
30042062		0.00
30042063		0.00
30042069		0.00
30042071		0.00
30042072		0.00
30042073		0.00
30042079		0.00
30042091		0.00
30042092		0.00
30042093		0.00
30042094		0.00
30042095		0.00
30042099		0.00
30043100		0.00
30043210		0.00
30043220		0.00
30043290		0.00
30043911		0.00
30043912		0.00
30043913		0.00
30043914		0.00
30043915		0.00
30043916		0.00
30043917		0.00
30043918		0.00
30043919		0.00
30043921		0.00
30043922		0.00
30043923		0.00
30043924		0.00
30043925		0.00
30043926		0.00
30043927		0.00
30043928		0.00
30043929		0.00
30043931		0.00
30043932		0.00
30043933		0.00
30043934		0.00
30043935		0.00
30043936		0.00
30043937		0.00
30043939		0.00
30043981		0.00
30043982		0.00
30043991		0.00
30043992		0.00
30043994		0.00
30043999		0.00
30044100		0.00
30044200		0.00
30044300		0.00
30044910		0.00
30044920		0.00
30044930		0.00
30044940		0.00
30044950		0.00
30044990		0.00
30045010		0.00
30045020		0.00
30045030		0.00
30045040		0.00
30045050		0.00
30045060		0.00
30045090		0.00
30046000		0.00
30049011		0.00
30049012		0.00
30049013		0.00
30049014		0.00
30049015		0.00
30049019		0.00
30049021		0.00
30049022		0.00
30049023		0.00
30049024		0.00
30049025		0.00
30049026		0.00
30049027		0.00
30049028		0.00
30049029		0.00
30049031		0.00
30049032		0.00
30049033		0.00
30049034		0.00
30049035		0.00
30049036		0.00
30049037		0.00
30049038		0.00
30049039		0.00
30049041		0.00
30049042		0.00
30049043		0.00
30049044		0.00
30049045		0.00
30049046		0.00
30049047		0.00
30049048		0.00
30049049		0.00
30049051		0.00
30049052		0.00
30049053		0.00
30049054		0.00
30049055		0.00
30049057		0.00
30049058		0.00
30049059		0.00
30049061		0.00
30049062		0.00
30049063		0.00
30049064		0.00
30049065		0.00
30049066		0.00
30049067		0.00
30049068		0.00
30049069		0.00
30049071		0.00
30049072		0.00
30049073		0.00
30049074		0.00
30049075		0.00
30049076		0.00
30049077		0.00
30049078		0.00
30049079		0.00
30049091		0.00
30049092		0.00
30049093		0.00
30049094		0.00
30049095		0.00
30049096		0.00
30049097		0.00
30049098		0.00
30049099		0.00
30051010		0.00
30051020		0.00
30051030		0.00
30051040		0.00
30051050		0.00
30051090		0.00
30059011		0.00
30059012		0.00
30059019		0.00
30059020		0.00
30059090		0.00
30061010		0.00
30061020		0.00
30061090		0.00
30063011		0.00
30063012		0.00
30063013		0.00
30063015		0.00
30063016		0.00
30063017		0.00
30063018		0.00
30063019		0.00
30063021		0.00
30063029		0.00
30064011		0.00
30064012		0.00
30064020		0.00
30065000		0.00
30066000		0.00
30067000		0.00
30069110		0.00
30069190		0.00
30069200		0.00
30069300		0.00
31010000		NT
31021010		0.00
31021090		NT
31022100		NT
31022910		NT
31022990		NT
31023000		NT
31024000		NT
31025011		NT
31025019		NT
31025090		NT
31025090	1	0.00
31026000		NT
31028000		NT
31029000		NT
31029000	1	0.00
31031100		NT
31031900		NT
31039011		NT
31039019		NT
31039090		NT
31042010		NT
31042090		NT
31043010		NT
31043090		0.00
31049010		0.00
31049090		NT
31051000		NT
31051000	1	0.00
31051000	2	0.00
31051000	3	0.00
31051000	4	0.00
31052000		NT
31053000		NT
31054000		NT
31055100		NT
31055900		NT
31056000		NT
31059011		NT
31059019		NT
31059090		NT
32011000		0.00
32012000		0.00
32019011		0.00
32019012		0.00
32019019		0.00
32019020		0.00
32019090		0.00
32021000		0.00
32029011		0.00
32029012		0.00
32029013		0.00
32029019		0.00
32029021		0.00
32029029		0.00
32029030		0.00
32030011		0.00
32030012		0.00
32030013		0.00
32030019		0.00
32030021		0.00
32030029		0.00
32030030		0.00
32041100		0.00
32041210		0.00
32041220		0.00
32041300		0.00
32041400		0.00
32041510		0.00
32041520		0.00
32041530		0.00
32041590		0.00
32041600		0.00
32041700		0.00
32041810		0.00
32041820		0.00
32041830		0.00
32041890		0.00
32041920		0.00
32041930		0.00
32041990		0.00
32042011		0.00
32042019		0.00
32042090		0.00
32049000		0.00
32050000		0.00
32061110		0.00
32061120		0.00
32061130		0.00
32061910		0.00
32061990		0.00
32062000		0.00
32064100		0.00
32064210		0.00
32064290		0.00
32064910		0.00
32064920		0.00
32064990		0.00
32065011		0.00
32065019		0.00
32065021		0.00
32065029		0.00
32071020		0.00
32071030		0.00
32071090		0.00
32072010		0.00
32072091		0.00
32072099		0.00
32073000		0.00
32074010		0.00
32074090		0.00
32081010		3.25
32081020		3.25
32081030		3.25
32082011		3.25
32082019		3.25
32082020		3.25
32082030		3.25
32089010		3.25
32089021		3.25
32089029		3.25
32089031		6.50
32089039		6.50
32091010		0.00
32091020		0.00
32099011		0.00
32099019		0.00
32099020		0.00
32100010		6.50
32100020		6.50
32100030		6.50
32110000		6.50
32121000		6.50
32129010		6.50
32129090		6.50
32131000		6.50
32139000		6.50
32141010		1.30
32141020		1.30
32149000		0.00
32151100		0.00
32151900		0.00
32159000		0.00
33011210		3.25
33011290		3.25
33011300		3.25
33011910		3.25
33011990		3.25
33012400		3.25
33012510		3.25
33012520		3.25
33012590		3.25
33012911		3.25
33012912		3.25
33012913		3.25
33012914		3.25
33012915		3.25
33012916		3.25
33012917		3.25
33012918		3.25
33012919		3.25
33012921		3.25
33012922		3.25
33012990		3.25
33013000		3.25
33019010		3.25
33019020		3.25
33019030		3.25
33019040		3.25
33021000		3.25
33029011		3.25
33029019		3.25
33029091		3.25
33029099		3.25
33030010		27.30
33030020		7.80
33041000		14.30
33042010		14.30
33042090		14.30
33043000		14.30
33049100		14.30
33049100	1	7.80
33049910		14.30
33049990		14.30
33049990	1	7.80
33049990	2	0.00
33051000		4.55
33052000		14.30
33053000		14.30
33059000		14.30
33059000	1	4.55
33061000		0.00
33062000		0.00
33069000		0.00
33071000		14.30
33072010		4.55
33072090		4.55
33073000		14.30
33074100		14.30
33074900		22.00
33079000		14.30
33079000	1	7.80
34011110		3.25
34011190		3.25
34011190	1	0.00
34011900		3.25
34011900	1	6.50
34011900	2	6.50
34011900	3	0.00
34012010		3.25
34012090		3.25
34013000		6.50
34023100		3.25
34023910		3.25
34023920		3.25
34023930		3.25
34023990		3.25
34024110		3.25
34024190		3.25
34024200		3.25
34024900		3.25
34025000		3.25
34029011		3.25
34029019		3.25
34029021		3.25
34029022		3.25
34029023		3.25
34029029		3.25
34029031		3.25
34029039		3.25
34029090		3.25
34031110		9.75
34031120		9.75
34031190		9.75
34031900		9.75
34039110		9.75
34039120		9.75
34039190		9.75
34039900		9.75
34042010		9.75
34042020		9.75
34049011		9.75
34049012		9.75
34049013		9.75
34049014		9.75
34049019		9.75
34049021		9.75
34049022		9.75
34049029		9.75
34051000		6.50
34052000		6.50
34053000		6.50
34054000		6.50
34059000		6.50
34060000		0.00
34070010		6.50
34070020		6.50
34070090		6.50
35011000		0.00
35019011		0.00
35019019		0.00
35019020		0.00
35021100		0.00
35021900		0.00
35022000		0.00
35029010		0.00
35029090		0.00
35030011		0.00
35030012		0.00
35030019		0.00
35030090		0.00
35040011		0.00
35040019		0.00
35040020		0.00
35040030		0.00
35040090		0.00
35051000		0.00
35052000		0.00
35061010		0.00
35061090		0.00
35069110		0.00
35069120		0.00
35069190		0.00
35069900		0.00
35071000		0.00
35079011		0.00
35079019		0.00
35079021		0.00
35079022		0.00
35079023		0.00
35079024		0.00
35079025		0.00
35079026		0.00
35079029		0.00
35079031		0.00
35079032		0.00
35079039		0.00
35079041		0.00
35079042		0.00
35079049		0.00
36010000		16.25
36020000		13.00
36020000	1	3.25
36031000		13.00
36032000		13.00
36033000		13.00
36034000		13.00
36035000		13.00
36036000		13.00
36041000		19.50
36049010		6.50
36049090		19.50
36049090	1	6.50
36050000		0.00
36061000		13.00
36069000		13.00
37011010		0.00
37011021		0.00
37011029		0.00
37012010		9.75
37012020		9.75
37013010		9.75
37013021		9.75
37013022		9.75
37013029		9.75
37013031		9.75
37013039		9.75
37013040		9.75
37013050		9.75
37013090		9.75
37019100		9.75
37019900		9.75
37021010		0.00
37021020		0.00
37023100		9.75
37023200		9.75
37023900		9.75
37024100		9.75
37024210		9.75
37024290		9.75
37024310		9.75
37024320		9.75
37024390		9.75
37024410		9.75
37024421		9.75
37024422		9.75
37024429		9.75
37025200		9.75
37025200	1	0.00
37025300		9.75
37025411		9.75
37025412		9.75
37025419		9.75
37025491		9.75
37025499		9.75
37025510		0.00
37025590		9.75
37025600		9.75
37029600		9.75
37029600	1	0.00
37029700		0.00
37029700	1	9.75
37029800		9.75
37031010		9.75
37031021		9.75
37031029		9.75
37032000		15.00
37039010		9.75
37039090		9.75
37040000		3.25
37040000	1	0.00
37050010		0.00
37050090		0.00
37061000		0.00
37069000		0.00
37071000		9.75
37079010		9.75
37079021		9.75
37079029		9.75
37079030		9.75
37079090		9.75
38011000		0.00
38012010		6.50
38012090		6.50
38013010		6.50
38013090		6.50
38019000		6.50
38021000		0.00
38029010		0.00
38029020		0.00
38029030		0.00
38029040		0.00
38029050		0.00
38029090		0.00
38030010		0.00
38030090		0.00
38040011		0.00
38040012		6.50
38040020		0.00
38051000		0.00
38059010		6.50
38059090		0.00
38061000		0.00
38062000		0.00
38063000		6.50
38069011		0.00
38069012		0.00
38069019		0.00
38069090		0.00
38069090	1	6.50
38070000		0.00
38070000	1	6.50
38085200		0.00
38085910		0.00
38085921		0.00
38085922		0.00
38085923		0.00
38085924		0.00
38085925		0.00
38085926		0.00
38085929		0.00
38086100		0.00
38086210		0.00
38086290		0.00
38086910		0.00
38086990		0.00
38089111		0.00
38089119		0.00
38089120		0.00
38089191		0.00
38089192		0.00
38089193		0.00
38089194		0.00
38089195		0.00
38089196		0.00
38089197		0.00
38089199		0.00
38089211		0.00
38089219		0.00
38089220		0.00
38089291		0.00
38089292		0.00
38089293		0.00
38089294		0.00
38089295		0.00
38089296		0.00
38089297		0.00
38089299		0.00
38089311		0.00
38089319		0.00
38089321		0.00
38089322		0.00
38089323		0.00
38089324		0.00
38089325		0.00
38089326		0.00
38089327		0.00
38089328		0.00
38089329		0.00
38089331		0.00
38089332		0.00
38089333		0.00
38089341		0.00
38089349		0.00
38089351		0.00
38089352		0.00
38089359		0.00
38089411		5.00
38089411	1	30.00
38089419		5.00
38089419	1	30.00
38089419	2	0.00
38089421		3.25
38089421	1	19.50
38089422		3.25
38089422	1	19.50
38089429		3.25
38089429	1	19.50
38089429	2	0.00
38089911		0.00
38089919		0.00
38089920		0.00
38089991		0.00
38089992		0.00
38089993		0.00
38089994		0.00
38089995		0.00
38089996		0.00
38089999		0.00
38091010		0.00
38091090		0.00
38099110		0.00
38099120		0.00
38099130		6.50
38099141		6.50
38099149		6.50
38099190		0.00
38099211		6.50
38099219		6.50
38099290		0.00
38099290	1	6.50
38099311		6.50
38099319		6.50
38099390		0.00
38099390	1	6.50
38101010		0.00
38101020		0.00
38109000		0.00
38111100		5.20
38111900		5.20
38112110		5.20
38112120		5.20
38112130		5.20
38112140		5.20
38112150		5.20
38112190		5.20
38112910		5.20
38112920		5.20
38112990		5.20
38119010		5.20
38119090		5.20
38121000		6.50
38122000		6.50
38123100		6.50
38123911		6.50
38123912		6.50
38123919		6.50
38123921		6.50
38123929		6.50
38130010		5.20
38130020		5.20
38130030		5.20
38130040		5.20
38130090		5.20
38140010		6.50
38140020		6.50
38140030		6.50
38140090		6.50
38151100		6.50
38151210		6.50
38151220		6.50
38151290		6.50
38151900		6.50
38159010		0.00
38159091		6.50
38159092		6.50
38159093		6.50
38159099		6.50
38160011		3.25
38160012		3.25
38160019		3.25
38160021		6.50
38160029		6.50
38160090		6.50
38160090	1	NT
38170010		6.50
38170020		6.50
38180010		6.50
38180090		6.50
38190000		6.50
38200000		6.50
38210000		0.00
38221100		0.00
38221200		0.00
38221300		0.00
38221910		0.00
38221920		0.00
38221930		0.00
38221940		0.00
38221990		0.00
38229000		0.00
38231100		0.00
38231200		0.00
38231300		0.00
38231910		0.00
38231990		0.00
38237010		0.00
38237020		0.00
38237040		0.00
38237040	1	9.75
38237090		0.00
38237090	1	9.75
38241000		6.50
38243000		6.50
38244000		3.25
38245000		0.00
38246000		6.50
38248110		6.50
38248190		6.50
38248210		6.50
38248290		6.50
38248300		6.50
38248400		6.50
38248500		6.50
38248600		6.50
38248700		6.50
38248810		6.50
38248820		6.50
38248900		6.50
38249100		6.50
38249200		6.50
38249911		6.50
38249912		6.50
38249913		6.50
38249914		6.50
38249915		6.50
38249919		6.50
38249921		6.50
38249922		6.50
38249923		6.50
38249924		6.50
38249925		6.50
38249929		6.50
38249931		6.50
38249932		6.50
38249933		6.50
38249934		6.50
38249935		6.50
38249936		6.50
38249939		6.50
38249941		0.00
38249942		6.50
38249943		6.50
38249949		6.50
38249951		6.50
38249952		6.50
38249953		6.50
38249954		6.50
38249959		6.50
38249961		6.50
38249961	1	0.00
38249962		6.50
38249969		6.50
38249971		6.50
38249972		6.50
38249973		6.50
38249974		6.50
38249975		6.50
38249976		6.50
38249977		0.00
38249978		6.50
38249979		6.50
38249979	1	NT
38249981		6.50
38249982		6.50
38249983		6.50
38249984		6.50
38249985		6.50
38249986		6.50
38249987		6.50
38249988		6.50
38249989		6.50
38251000		0.00
38252000		0.00
38253000		0.00
38254100		0.00
38254900		0.00
38255000		0.00
38256100		0.00
38256900		0.00
38259000		0.00
38260000		6.50
38260000	1	NT
38271110		6.50
38271190		6.50
38271200		6.50
38271300		6.50
38271400		6.50
38272000		6.50
38273110		6.50
38273190		6.50
38273210		6.50
38273290		6.50
38273900		6.50
38274000		6.50
38275100		10.00
38275900		10.00
38276100		10.00
38276200		10.00
38276300		10.00
38276400		10.00
38276500		10.00
38276800		10.00
38276900		10.00
38279000		6.50
39011020		5.00
39011030		5.00
39012011		3.25
39012019		3.25
39012021		3.25
39012029		3.25
39013010		3.25
39013090		3.25
39014000		3.25
39019010		3.25
39019020		3.25
39019030		3.25
39019040		3.25
39019050		3.25
39019090		5.00
39021010		3.25
39021020		3.25
39022000		3.25
39023000		3.25
39029000		3.25
39031110		3.25
39031120		3.25
39031900		5.00
39032000		3.25
39033010		3.25
39033020		3.25
39039010		3.25
39039020		3.25
39039090		3.25
39041010		3.25
39041020		3.25
39041090		3.25
39042100		3.25
39042200		3.25
39043000		3.25
39044010		3.25
39044090		3.25
39045010		3.25
39045090		3.25
39046110		3.25
39046190		3.25
39046910		3.25
39046990		3.25
39049010		3.25
39049090		3.25
39051200		3.25
39051910		3.25
39051990		3.25
39052100		3.25
39052900		3.25
39053000		3.25
39059130		3.25
39059190		3.25
39059910		3.25
39059920		3.25
39059930		3.25
39059990		3.25
39061000		3.25
39061000	1	0.00
39069011		3.25
39069012		3.25
39069019		3.25
39069021		3.25
39069022		3.25
39069029		3.25
39069031		3.25
39069032		3.25
39069039		3.25
39069051		3.25
39069051	1	0.00
39069052		3.25
39069053		3.25
39069054		3.25
39069059		3.25
39069059	1	0.00
39069061		3.25
39069062		3.25
39069063		3.25
39069064		3.25
39069065		3.25
39069069		3.25
39069069	1	0.00
39071010		3.25
39071020		3.25
39071031		3.25
39071039		3.25
39071041		3.25
39071042		3.25
39071049		3.25
39071091		3.25
39071099		3.25
39072100		3.25
39072911		3.25
39072912		3.25
39072920		3.25
39072931		3.25
39072939		3.25
39072941		3.25
39072942		3.25
39072949		3.25
39072991		3.25
39072992		3.25
39072999		3.25
39073011		3.25
39073019		3.25
39073021		3.25
39073022		3.25
39073029		3.25
39074010		3.25
39074020		3.25
39074090		3.25
39075010		3.25
39075090		3.25
39076100		3.25
39076900		3.25
39077000		3.25
39079100		3.25
39079911		3.25
39079912		3.25
39079919		3.25
39079991		3.25
39079992		3.25
39079993		3.25
39079994		3.25
39079995		3.25
39079999		3.25
39081011		3.25
39081012		3.25
39081013		3.25
39081014		3.25
39081019		3.25
39081021		3.25
39081022		3.25
39081023		3.25
39081025		3.25
39081026		3.25
39081029		3.25
39089010		3.25
39089020		3.25
39089090		3.25
39091000		3.25
39092011		3.25
39092019		3.25
39092021		3.25
39092029		3.25
39093100		3.25
39093900		3.25
39094011		3.25
39094019		3.25
39094091		3.25
39094099		3.25
39095011		3.25
39095012		3.25
39095019		3.25
39095021		3.25
39095029		3.25
39100011		3.25
39100012		3.25
39100013		3.25
39100019		3.25
39100021		3.25
39100029		3.25
39100030		3.25
39100090		3.25
39111010		3.25
39111021		3.25
39111029		3.25
39112000		3.25
39119011		3.25
39119012		3.25
39119013		3.25
39119014		3.25
39119019		3.25
39119021		3.25
39119022		3.25
39119023		3.25
39119024		3.25
39119025		3.25
39119026		3.25
39119027		3.25
39119029		3.25
39121110		3.25
39121120		3.25
39121200		3.25
39122010		3.25
39122021		3.25
39122029		3.25
39123111		3.25
39123119		3.25
39123121		3.25
39123129		3.25
39123910		3.25
39123920		3.25
39123930		3.25
39123990		3.25
39129010		3.25
39129020		3.25
39129031		3.25
39129039		3.25
39129040		3.25
39129090		3.25
39131000		3.25
39139011		3.25
39139012		3.25
39139019		3.25
39139020		3.25
39139030		3.25
39139040		3.25
39139050		3.25
39139060		3.25
39139090		3.25
39140011		3.25
39140019		3.25
39140090		3.25
39151000		0.00
39152000		0.00
39153000		0.00
39159000		0.00
39161000		6.50
39162000		6.50
39162000	1	3.25
39169010		6.50
39169090		6.50
39171010		3.25
39171021		3.25
39171029		3.25
39172100		0.00
39172210		0.00
39172290		0.00
39172300		0.00
39172900		0.00
39173100		3.25
39173210		3.25
39173221		0.00
39173229		3.25
39173229	1	6.75
39173230		3.25
39173240		3.25
39173251		3.25
39173259		3.25
39173290		3.25
39173300		3.25
39173900		3.25
39174010		0.00
39174090		0.00
39181000		0.00
39189000		3.25
39191010		9.75
39191010	1	15.00
39191020		11.25
39191020	1	15.00
39191090		9.75
39199010		9.75
39199020		9.75
39199090		9.75
39199090	1	15.00
39201010		9.75
39201091		9.75
39201099		15.00
39202011		9.75
39202012		9.75
39202019		9.75
39202019	1	0.00
39202090		9.75
39203000		15.00
39203000	1	3.25
39204310		9.75
39204390		9.75
39204900		9.75
39204900	1	3.25
39205100		9.75
39205900		9.75
39206100		9.75
39206211		9.75
39206219		9.75
39206291		9.75
39206299		9.75
39206299	1	3.25
39206300		9.75
39206900		9.75
39207100		9.75
39207310		9.75
39207390		9.75
39207910		9.75
39207990		9.75
39209100		9.75
39209200		9.75
39209300		9.75
39209400		9.75
39209910		9.75
39209920		9.75
39209930		9.75
39209940		9.75
39209950		9.75
39209990		9.75
39211100		9.75
39211200		9.75
39211310		9.75
39211390		9.75
39211400		9.75
39211900		9.75
39219011		3.25
39219012		9.75
39219013		9.75
39219019		9.75
39219020		9.75
39219090		9.75
39221000		0.00
39222000		0.00
39229000		0.00
39231010		9.75
39231090		9.75
39232110		9.75
39232190		9.75
39232910		9.75
39232990		15.00
39233010		9.75
39233090		9.75
39233090	1	0.00
39234000		6.50
39235000		5.00
39239010		15.00
39239090		15.00
39241000		6.50
39241000	1	6.75
39249000		6.50
39251000		0.00
39252000		0.00
39253000		3.25
39259010		3.25
39259090		3.25
39261000		9.75
39262000		3.25
39262000	1	6.50
39263000		3.25
39264000		13.00
39269010		6.50
39269021		6.50
39269022		6.50
39269030		0.00
39269040		6.50
39269040	1	0.00
39269050		9.75
39269061		9.75
39269069		9.75
39269090		9.75
39269090	1	0.00
39269090	2	0.00
39269090	3	5.20
39269090	4	6.50
39269090	5	6.50
39269090	6	6.50
39269090	7	6.50
39269090	8	13.00
39269090	9	13.00
39269090	10	0.00
40011000		0.00
40012100		0.00
40012200		0.00
40012910		0.00
40012920		0.00
40012990		0.00
40013000		0.00
40021110		3.25
40021120		3.25
40021911		3.25
40021912		3.25
40021919		3.25
40021920		3.25
40022010		3.25
40022091		3.25
40022099		3.25
40023100		3.25
40023900		3.25
40024100		3.25
40024900		3.25
40025100		3.25
40025900		3.25
40026000		3.25
40027000		3.25
40028000		3.25
40029100		3.25
40029910		3.25
40029920		3.25
40029930		3.25
40029990		3.25
40030000		3.25
40040000		NT
40051010		3.25
40051090		3.25
40052000		3.25
40059110		3.25
40059190		3.25
40059910		3.25
40059990		3.25
40061000		3.25
40069000		3.25
40070011		0.00
40070019		0.00
40070020		0.00
40081100		6.50
40081900		6.50
40082100		6.50
40082100	1	3.25
40082900		6.50
40091100		6.50
40091210		6.50
40091290		6.50
40092110		6.50
40092190		6.50
40092210		6.50
40092290		6.50
40093100		6.50
40093210		6.50
40093290		6.50
40094100		6.50
40094210		6.50
40094290		6.50
40101100		6.50
40101200		6.50
40101900		6.50
40103100		6.50
40103200		6.50
40103300		6.50
40103400		6.50
40103500		6.50
40103600		6.50
40103900		6.50
40111000		9.75
40112010		1.30
40112090		1.30
40113000		0.00
40114000		15.00
40115000		15.00
40117010		9.75
40117010	1	1.30
40117090		9.75
40117090	1	1.30
40118010		9.75
40118020		9.75
40118090		9.75
40119010		9.75
40119090		9.75
40121100		0.00
40121100	1	9.75
40121200		0.00
40121200	1	1.30
40121300		0.00
40121900		0.00
40121900	1	9.75
40121900	2	1.30
40122000		0.00
40129010		0.00
40129090		0.00
40131010		1.30
40131090		9.75
40131090	1	1.30
40132000		15.00
40139000		9.75
40139000	1	1.30
40141000		0.00
40149010		9.75
40149090		9.75
40151200		0.00
40151900		9.75
40151900	1	0.00
40159000		9.75
40159000	1	0.00
40161010		11.70
40161090		11.70
40169100		6.50
40169100	1	1.95
40169100	2	9.75
40169200		0.00
40169300		5.20
40169400		5.20
40169510		9.75
40169590		9.75
40169910		11.70
40169990		11.70
40169990	1	0.00
40169990	2	0.00
40169990	3	3.25
40170000		11.70
40170000	1	2.60
40170000	2	2.60
40170000	3	9.75
41012000		NT
41015010		NT
41015020		NT
41015030		NT
41019010		NT
41019020		NT
41019030		NT
41021000		NT
41022100		NT
41022900		NT
41032000		NT
41033000		NT
41039000		NT
41041111		0.00
41041112		0.00
41041113		0.00
41041114		0.00
41041119		0.00
41041121		0.00
41041122		0.00
41041123		0.00
41041124		0.00
41041129		0.00
41041910		0.00
41041920		0.00
41041930		0.00
41041940		0.00
41041990		0.00
41044110		0.00
41044120		0.00
41044130		0.00
41044190		0.00
41044910		0.00
41044920		0.00
41044990		0.00
41051010		0.00
41051021		0.00
41051029		0.00
41051090		0.00
41053000		0.00
41062110		0.00
41062121		0.00
41062129		0.00
41062190		0.00
41062200		0.00
41063110		0.00
41063190		0.00
41063200		0.00
41064000		0.00
41069100		0.00
41069200		0.00
41071110		0.00
41071120		0.00
41071190		0.00
41071210		0.00
41071220		0.00
41071290		0.00
41071910		0.00
41071920		0.00
41071990		0.00
41079110		0.00
41079190		0.00
41079210		0.00
41079290		0.00
41079910		0.00
41079990		0.00
41120000		0.00
41131010		0.00
41131090		0.00
41132000		0.00
41133000		0.00
41139000		0.00
41141000		0.00
41142010		0.00
41142020		0.00
41151000		0.00
41152000		0.00
42010010		0.00
42010090		0.00
42021100		6.50
42021210		6.50
42021220		6.50
42021900		6.50
42022100		6.50
42022210		6.50
42022220		6.50
42022900		6.50
42023100		6.50
42023200		6.50
42023900		6.50
42029100		6.50
42029200		6.50
42029900		6.50
42031000		6.50
42032100		6.50
42032900		6.50
42032900	1	0.00
42033000		6.50
42034000		6.50
42050000		6.50
42060000		6.50
42060000	1	0.00
43011000		NT
43013000		NT
43016000		NT
43018000		NT
43019000		NT
43021100		39.00
43021910		6.50
43021990		6.50
43022000		39.00
43022000	1	6.50
43022000	2	6.50
43023000		39.00
43023000	1	6.50
43023000	2	26.00
43031000		26.00
43031000	1	6.50
43039000		26.00
43039000	1	6.50
43040000		6.50
44011100		NT
44011200		NT
44012100		0.00
44012200		0.00
44013100		NT
44013200		NT
44013900		NT
44014100		NT
44014900		NT
44021000		NT
44022000		NT
44029000		NT
44031100		NT
44031100	1	0.00
44031200		NT
44031200	1	0.00
44032100		NT
44032100	1	0.00
44032200		NT
44032200	1	0.00
44032300		NT
44032300	1	0.00
44032400		NT
44032400	1	0.00
44032500		NT
44032500	1	0.00
44032600		NT
44032600	1	0.00
44034100		NT
44034100	1	0.00
44034200		NT
44034200	1	0.00
44034900		NT
44034900	1	0.00
44039100		NT
44039100	1	0.00
44039300		NT
44039300	1	0.00
44039400		NT
44039400	1	0.00
44039500		NT
44039500	1	0.00
44039600		NT
44039600	1	0.00
44039700		NT
44039700	1	0.00
44039800		NT
44039800	1	0.00
44039900		NT
44039900	1	0.00
44041000		0.00
44042000		0.00
44050000		NT
44061100		NT
44061200		NT
44069100		NT
44069200		NT
44071100		0.00
44071200		0.00
44071300		0.00
44071400		0.00
44071900		0.00
44072100		0.00
44072200		0.00
44072300		0.00
44072500		0.00
44072600		0.00
44072700		0.00
44072800		0.00
44072910		0.00
44072920		0.00
44072930		0.00
44072940		0.00
44072950		0.00
44072960		0.00
44072970		0.00
44072990		0.00
44079100		0.00
44079200		0.00
44079300		0.00
44079400		0.00
44079500		0.00
44079600		0.00
44079700		0.00
44079920		0.00
44079930		0.00
44079960		0.00
44079970		0.00
44079990		0.00
44081010		6.50
44081091		3.25
44081099		3.25
44083110		6.50
44083190		3.25
44083910		6.50
44083991		3.25
44083992		3.25
44083999		3.25
44089010		6.50
44089090		3.25
44091000		6.50
44092100		6.50
44092200		6.50
44092900		6.50
44101110		3.25
44101121		0.00
44101129		3.25
44101190		3.25
44101210		3.25
44101290		3.25
44101911		3.25
44101919		3.25
44101991		3.25
44101992		3.25
44101999		3.25
44109000		3.25
44111210		3.25
44111290		3.25
44111310		3.25
44111391		0.00
44111399		3.25
44111410		3.25
44111490		3.25
44119210		3.25
44119290		3.25
44119310		3.25
44119390		3.25
44119410		3.25
44119490		3.25
44121000		3.25
44123100		3.25
44123300		3.25
44123400		3.25
44123900		3.25
44124100		3.25
44124200		3.25
44124900		3.25
44125100		3.25
44125200		3.25
44125900		3.25
44129100		3.25
44129200		3.25
44129900		3.25
44130000		6.50
44141000		6.50
44149000		6.50
44151000		0.00
44152000		0.00
44160010		0.00
44160090		0.00
44170010		0.00
44170020		0.00
44170090		0.00
44181100		0.00
44181900		0.00
44182100		0.00
44182900		0.00
44183000		3.25
44184000		3.25
44185000		3.25
44187300		0.00
44187400		0.00
44187500		0.00
44187900		0.00
44188100		3.25
44188200		3.25
44188300		3.25
44188900		3.25
44189100		3.25
44189200		3.25
44189900		3.25
44191100		0.00
44191200		0.00
44191900		0.00
44192000		0.00
44199000		0.00
44201100		0.00
44201900		0.00
44209000		0.00
44211000		0.00
44212000		0.00
44219100		0.00
44219900		0.00
45011000		NT
45019000		NT
45019000	1	0.00
45020000		0.00
45031000		0.00
45039000		0.00
45041000		0.00
45049000		0.00
46012100		0.00
46012200		0.00
46012900		0.00
46019200		0.00
46019300		0.00
46019400		0.00
46019900		0.00
46021100		0.00
46021200		0.00
46021900		0.00
46029000		0.00
47010000		0.00
47020000		0.00
47031100		0.00
47031900		0.00
47032110		0.00
47032190		0.00
47032900		0.00
47041100		0.00
47041900		0.00
47042100		0.00
47042900		0.00
47050000		0.00
47061000		0.00
47062000		0.00
47063000		0.00
47069100		0.00
47069200		0.00
47069300		0.00
47071000		NT
47072000		NT
47073000		NT
47079000		NT
48010020		3.25
48010030		9.75
48010030	1	3.25
48010090		9.75
48010090	1	3.25
48021000		3.25
48022010		3.25
48022090		3.25
48024010		3.25
48024090		3.25
48025410		3.25
48025491		3.25
48025499		3.25
48025510		3.25
48025591		3.25
48025592		3.25
48025599		3.25
48025610		3.25
48025691		0.00
48025692		3.25
48025693		3.25
48025699		3.25
48025710		3.25
48025791		0.00
48025792		3.25
48025793		3.25
48025799		3.25
48025810		3.25
48025891		3.25
48025892		3.25
48025899		3.25
48026110		3.25
48026191		3.25
48026192		3.25
48026199		3.25
48026210		3.25
48026291		3.25
48026292		3.25
48026299		3.25
48026910		3.25
48026991		3.25
48026992		3.25
48026999		3.25
48030010		3.25
48030090		3.25
48041100		3.25
48041900		3.25
48042100		3.25
48042900		3.25
48043110		3.25
48043190		3.25
48043910		3.25
48043990		3.25
48044100		3.25
48044200		3.25
48044900		3.25
48045100		3.25
48045200		3.25
48045910		3.25
48045990		3.25
48051100		3.25
48051200		3.25
48051900		3.25
48052400		3.25
48052500		3.25
48053000		3.25
48054010		3.25
48054090		3.25
48055000		3.25
48059100		3.25
48059210		3.25
48059290		3.25
48059300		3.25
48061000		3.25
48062000		3.25
48063000		3.25
48064000		3.25
48070000		3.25
48081000		3.25
48084000		3.25
48089000		3.25
48092000		3.25
48099000		3.25
48101310		3.25
48101381		3.25
48101382		3.25
48101389		3.25
48101391		3.25
48101399		3.25
48101410		3.25
48101481		3.25
48101482		3.25
48101489		3.25
48101490		3.25
48101910		3.25
48101981		3.25
48101982		3.25
48101989		3.25
48101991		3.25
48101999		3.25
48102210		3.25
48102290		3.25
48102910		3.25
48102990		3.25
48103110		3.25
48103190		3.25
48103210		3.25
48103290		3.25
48103910		3.25
48103990		3.25
48109210		3.25
48109290		3.25
48109910		3.25
48109990		3.25
48111010		3.25
48111090		3.25
48114110		3.25
48114190		3.25
48114910		3.25
48114990		3.25
48115110		3.25
48115121		3.25
48115122		3.25
48115123		3.25
48115128		3.25
48115129		3.25
48115130		3.25
48115910		3.25
48115921		3.25
48115922		3.25
48115923		3.25
48115929		3.25
48115930		3.25
48116010		3.25
48116090		3.25
48119011		3.25
48119019		3.25
48119020		3.25
48119090		3.25
48120000		0.00
48131000		29.25
48132000		29.25
48139000		29.25
48142000		9.75
48149000		13.00
48162000		3.25
48169010		9.75
48169090		9.75
48171000		3.25
48172000		3.25
48173000		3.25
48181000		0.00
48182000		3.25
48183000		3.25
48185000		3.25
48189010		3.25
48189090		3.25
48191000		15.00
48192000		9.75
48193000		9.75
48194000		9.75
48195000		9.75
48196000		9.75
48201000		9.75
48202000		0.00
48203000		9.75
48204000		3.25
48205000		9.75
48209000		9.75
48211000		0.00
48219000		0.00
48221000		6.50
48229000		6.50
48232010		9.75
48232091		9.75
48232099		9.75
48234000		9.75
48236100		9.75
48236900		9.75
48236900	1	6.75
48237000		9.75
48239010		9.75
48239020		9.75
48239091		9.75
48239099		9.75
48239099	1	6.75
49011000		NT
49019100		NT
49019900		NT
49021000		NT
49021000	1	0.00
49029000		NT
49029000	1	0.00
49030000		NT
49040000		NT
49052000		0.00
49059000		0.00
49060000		NT
49070010		0.00
49070020		0.00
49070030		0.00
49070090		0.00
49081000		0.00
49089000		0.00
49090000		0.00
49100000		6.50
49111010		0.00
49111090		0.00
49119100		0.00
49119100	1	NT
49119900		0.00
49119900	1	NT
50010000		NT
50020000		NT
50030010		NT
50030090		NT
50040000		0.00
50050000		0.00
50060000		0.00
50071010		0.00
50071090		0.00
50072010		0.00
50072090		0.00
50079000		0.00
51011110		NT
51011190		NT
51011900		NT
51012100		NT
51012900		NT
51013000		NT
51021100		NT
51021900		NT
51022000		NT
51031000		NT
51032000		NT
51033000		NT
51040000		NT
51051000		0.00
51052100		0.00
51052910		0.00
51052991		0.00
51052999		0.00
51053100		0.00
51053900		0.00
51054000		0.00
51061000		0.00
51062000		0.00
51071011		0.00
51071019		0.00
51071090		0.00
51072000		0.00
51081000		0.00
51082000		0.00
51091000		0.00
51099000		0.00
51100000		0.00
51111110		0.00
51111120		0.00
51111900		0.00
51112000		0.00
51113010		0.00
51113090		0.00
51119000		0.00
51121100		0.00
51121910		0.00
51121920		0.00
51122010		0.00
51122020		0.00
51123010		0.00
51123020		0.00
51129000		0.00
51130011		0.00
51130012		0.00
51130013		0.00
51130020		0.00
52010010		NT
52010020		NT
52010090		NT
52021000		NT
52029100		NT
52029900		NT
52030000		0.00
52041111		0.00
52041112		0.00
52041120		0.00
52041131		0.00
52041132		0.00
52041140		0.00
52041911		0.00
52041912		0.00
52041920		0.00
52041931		0.00
52041932		0.00
52041940		0.00
52042000		0.00
52051100		0.00
52051200		0.00
52051310		0.00
52051390		0.00
52051400		0.00
52051500		0.00
52052100		0.00
52052200		0.00
52052310		0.00
52052390		0.00
52052400		0.00
52052600		0.00
52052700		0.00
52052800		0.00
52053100		0.00
52053200		0.00
52053300		0.00
52053400		0.00
52053500		0.00
52054100		0.00
52054200		0.00
52054300		0.00
52054400		0.00
52054600		0.00
52054700		0.00
52054800		0.00
52061100		0.00
52061200		0.00
52061300		0.00
52061400		0.00
52061500		0.00
52062100		0.00
52062200		0.00
52062300		0.00
52062400		0.00
52062500		0.00
52063100		0.00
52063200		0.00
52063300		0.00
52063400		0.00
52063500		0.00
52064100		0.00
52064200		0.00
52064300		0.00
52064400		0.00
52064500		0.00
52071000		0.00
52079000		0.00
52081100		0.00
52081200		0.00
52081300		0.00
52081900		0.00
52082100		0.00
52082200		0.00
52082300		0.00
52082900		0.00
52083100		0.00
52083200		0.00
52083300		0.00
52083900		0.00
52084100		0.00
52084200		0.00
52084300		0.00
52084900		0.00
52085100		0.00
52085200		0.00
52085910		0.00
52085990		0.00
52091100		0.00
52091200		0.00
52091900		0.00
52092100		0.00
52092200		0.00
52092900		0.00
52093100		0.00
52093200		0.00
52093900		0.00
52094100		0.00
52094210		0.00
52094290		0.00
52094300		0.00
52094900		0.00
52095100		0.00
52095200		0.00
52095900		0.00
52101100		0.00
52101910		0.00
52101990		0.00
52102100		0.00
52102910		0.00
52102990		0.00
52103100		0.00
52103200		0.00
52103900		0.00
52104100		0.00
52104910		0.00
52104990		0.00
52105100		0.00
52105910		0.00
52105990		0.00
52111100		0.00
52111200		0.00
52111900		0.00
52112010		0.00
52112020		0.00
52112090		0.00
52113100		0.00
52113200		0.00
52113900		0.00
52114100		0.00
52114210		0.00
52114290		0.00
52114300		0.00
52114900		0.00
52115100		0.00
52115200		0.00
52115900		0.00
52121100		0.00
52121200		0.00
52121300		0.00
52121400		0.00
52121500		0.00
52122100		0.00
52122200		0.00
52122300		0.00
52122400		0.00
52122500		0.00
53011000		0.00
53011000	1	NT
53012110		0.00
53012120		0.00
53012910		0.00
53012990		0.00
53013000		0.00
53021000		0.00
53021000	1	NT
53029000		0.00
53031010		NT
53031010	1	0.00
53031090		NT
53031090	1	0.00
53039010		0.00
53039090		0.00
53050010		NT
53050090		0.00
53050090	1	NT
53050090	2	NT
53061000		0.00
53062000		0.00
53071010		0.00
53071090		0.00
53072010		0.00
53072090		0.00
53081000		0.00
53082000		0.00
53089000		0.00
53091100		0.00
53091900		0.00
53092100		0.00
53092900		0.00
53101010		0.00
53101090		0.00
53109000		0.00
53110000		0.00
54011011		0.00
54011012		0.00
54011090		0.00
54012011		0.00
54012012		0.00
54012090		0.00
54021100		0.00
54021910		0.00
54021990		0.00
54022010		0.00
54022090		0.00
54023111		0.00
54023119		0.00
54023190		0.00
54023211		0.00
54023219		0.00
54023290		0.00
54023310		0.00
54023320		0.00
54023390		0.00
54023400		0.00
54023900		0.00
54024400		0.00
54024510		0.00
54024520		0.00
54024590		0.00
54024600		0.00
54024710		0.00
54024720		0.00
54024790		0.00
54024800		0.00
54024910		0.00
54024990		0.00
54025110		0.00
54025190		0.00
54025200		0.00
54025300		0.00
54025900		0.00
54026110		0.00
54026190		0.00
54026200		0.00
54026300		0.00
54026900		0.00
54031000		0.00
54033110		0.00
54033190		0.00
54033200		0.00
54033300		0.00
54033900		0.00
54034100		0.00
54034200		0.00
54034900		0.00
54041100		0.00
54041200		0.00
54041911		0.00
54041919		0.00
54041990		0.00
54049000		0.00
54050000		0.00
54060010		0.00
54060020		0.00
54071011		0.00
54071019		0.00
54071021		0.00
54071029		0.00
54072000		0.00
54073000		0.00
54074100		0.00
54074200		0.00
54074300		0.00
54074400		0.00
54075100		0.00
54075210		0.00
54075220		0.00
54075300		0.00
54075400		0.00
54076100		0.00
54076900		0.00
54077100		0.00
54077200		0.00
54077300		0.00
54077400		0.00
54078100		0.00
54078200		0.00
54078300		0.00
54078400		0.00
54079100		0.00
54079200		0.00
54079300		0.00
54079400		0.00
54081000		0.00
54082100		0.00
54082200		0.00
54082300		0.00
54082400		0.00
54083100		0.00
54083200		0.00
54083300		0.00
54083400		0.00
55011100		0.00
55011900		0.00
55012000		0.00
55013000		0.00
55014000		0.00
55019000		0.00
55021000		19.50
55029010		0.00
55029090		0.00
55031100		0.00
55031910		0.00
55031990		0.00
55032010		0.00
55032090		0.00
55033000		0.00
55034000		0.00
55039010		0.00
55039020		0.00
55039090		0.00
55041000		0.00
55049010		0.00
55049090		0.00
55051000		NT
55052000		NT
55061000		0.00
55062000		0.00
55063000		0.00
55064000		0.00
55069000		0.00
55070000		0.00
55081000		0.00
55082000		0.00
55091100		0.00
55091210		0.00
55091290		0.00
55092100		0.00
55092200		0.00
55093100		0.00
55093200		0.00
55094100		0.00
55094200		0.00
55095100		0.00
55095200		0.00
55095300		0.00
55095900		0.00
55096100		0.00
55096200		0.00
55096900		0.00
55099100		0.00
55099200		0.00
55099900		0.00
55101111		0.00
55101112		0.00
55101113		0.00
55101119		0.00
55101190		0.00
55101211		0.00
55101212		0.00
55101213		0.00
55101219		0.00
55101290		0.00
55102011		0.00
55102012		0.00
55102013		0.00
55102019		0.00
55102090		0.00
55103011		0.00
55103012		0.00
55103013		0.00
55103019		0.00
55103090		0.00
55109011		0.00
55109012		0.00
55109013		0.00
55109019		0.00
55109090		0.00
55111000		0.00
55112000		0.00
55113000		0.00
55121100		0.00
55121900		0.00
55122100		0.00
55122900		0.00
55129110		0.00
55129190		0.00
55129910		0.00
55129990		0.00
55131100		0.00
55131200		0.00
55131300		0.00
55131900		0.00
55132100		0.00
55132310		0.00
55132390		0.00
55132900		0.00
55133100		0.00
55133911		0.00
55133919		0.00
55133990		0.00
55134100		0.00
55134911		0.00
55134919		0.00
55134990		0.00
55141100		0.00
55141200		0.00
55141910		0.00
55141990		0.00
55142100		0.00
55142200		0.00
55142300		0.00
55142900		0.00
55143011		0.00
55143012		0.00
55143019		0.00
55143090		0.00
55144100		0.00
55144200		0.00
55144300		0.00
55144900		0.00
55151100		0.00
55151200		0.00
55151300		0.00
55151900		0.00
55152100		0.00
55152200		0.00
55152900		0.00
55159100		0.00
55159910		0.00
55159990		0.00
55161100		0.00
55161200		0.00
55161300		0.00
55161400		0.00
55162100		0.00
55162200		0.00
55162300		0.00
55162400		0.00
55163100		0.00
55163200		0.00
55163300		0.00
55163400		0.00
55164100		0.00
55164200		0.00
55164300		0.00
55164400		0.00
55169100		0.00
55169200		0.00
55169300		0.00
55169400		0.00
56012110		0.00
56012190		0.00
56012211		0.00
56012219		0.00
56012291		19.50
56012299		0.00
56012900		0.00
56013010		0.00
56013090		0.00
56021000		0.00
56022100		0.00
56022900		0.00
56029000		0.00
56031110		0.00
56031120		0.00
56031130		0.00
56031140		0.00
56031190		0.00
56031210		0.00
56031220		0.00
56031230		0.00
56031240		0.00
56031250		0.00
56031290		0.00
56031310		0.00
56031320		0.00
56031330		0.00
56031340		0.00
56031350		0.00
56031390		0.00
56031410		0.00
56031420		0.00
56031430		0.00
56031440		0.00
56031490		0.00
56039110		0.00
56039120		0.00
56039130		0.00
56039190		0.00
56039210		0.00
56039220		0.00
56039230		0.00
56039240		0.00
56039290		0.00
56039310		0.00
56039320		0.00
56039330		0.00
56039340		0.00
56039390		0.00
56039410		0.00
56039420		0.00
56039430		0.00
56039490		0.00
56041000		0.00
56049010		0.00
56049021		0.00
56049022		0.00
56049090		0.00
56050010		0.00
56050020		0.00
56050090		0.00
56060000		0.00
56072100		0.00
56072900		0.00
56074100		0.00
56074900		0.00
56075011		0.00
56075019		0.00
56075090		0.00
56079010		0.00
56079020		0.00
56079090		0.00
56081100		0.00
56081900		0.00
56089000		0.00
56090010		0.00
56090090		0.00
57011011		6.50
57011012		6.50
57011020		6.50
57019000		6.50
57021000		6.50
57022000		6.50
57023100		6.50
57023200		6.50
57023900		6.50
57024100		6.50
57024200		6.50
57024900		6.50
57025010		6.50
57025020		6.50
57025090		6.50
57029100		6.50
57029200		6.50
57029900		6.50
57031000		6.50
57032100		6.50
57032900		6.50
57033100		6.50
57033900		6.50
57039000		6.50
57041000		6.50
57042000		6.50
57049000		6.50
57050000		6.50
58011000		0.00
58012100		0.00
58012200		0.00
58012300		0.00
58012600		0.00
58012700		0.00
58013100		0.00
58013200		0.00
58013300		0.00
58013600		0.00
58013700		0.00
58019000		0.00
58021000		0.00
58022000		0.00
58023000		0.00
58030010		0.00
58030090		0.00
58041010		0.00
58041090		0.00
58042100		0.00
58042910		0.00
58042990		0.00
58043010		0.00
58043090		0.00
58050010		3.25
58050020		3.25
58050090		3.25
58061000		0.00
58062000		0.00
58063100		0.00
58063200		0.00
58063900		0.00
58064000		0.00
58071000		0.00
58079000		0.00
58081000		0.00
58089000		0.00
58090000		0.00
58101000		0.00
58109100		0.00
58109200		0.00
58109900		0.00
58110000		0.00
59011000		3.25
59019000		3.25
59021010		3.25
59021090		3.25
59022000		3.25
59029000		3.25
59031000		3.25
59032000		3.25
59039010		3.25
59039090		3.256
59041000		6.50
59049000		6.50
59050000		6.50
59061000		5.00
59069100		3.25
59069900		3.25
59070000		3.25
59080000		3.25
59090000		3.25
59100000		6.50
59111000		3.25
59112010		3.25
59112090		3.25
59113100		3.25
59113200		3.25
59114000		3.25
59119000		3.25
60011010		0.00
60011020		0.00
60011090		0.00
60012100		0.00
60012200		0.00
60012900		0.00
60019100		0.00
60019200		0.00
60019900		0.00
60024010		0.00
60024020		0.00
60024090		0.00
60029010		0.00
60029020		0.00
60029090		0.00
60031000		0.00
60032000		0.00
60033000		0.00
60034000		0.00
60039000		0.00
60041011		0.00
60041012		0.00
60041013		0.00
60041014		0.00
60041031		0.00
60041032		0.00
60041033		0.00
60041034		0.00
60041041		0.00
60041042		0.00
60041043		0.00
60041044		0.00
60041091		0.00
60041092		0.00
60041093		0.00
60041094		0.00
60049010		0.00
60049030		0.00
60049040		0.00
60049090		0.00
60052100		0.00
60052200		0.00
60052300		0.00
60052400		0.00
60053500		0.00
60053600		0.00
60053700		0.00
60053800		0.00
60053900		0.00
60054100		0.00
60054200		0.00
60054300		0.00
60054400		0.00
60059010		0.00
60059090		0.00
60061000		0.00
60062100		0.00
60062200		0.00
60062300		0.00
60062400		0.00
60063110		0.00
60063120		0.00
60063130		0.00
60063190		0.00
60063210		0.00
60063220		0.00
60063230		0.00
60063290		0.00
60063310		0.00
60063320		0.00
60063330		0.00
60063390		0.00
60063410		0.00
60063420		0.00
60063430		0.00
60063490		0.00
60064100		0.00
60064200		0.00
60064300		0.00
60064400		0.00
60069000		0.00
61012000		0.00
61013000		0.00
61019010		0.00
61019090		0.00
61021000		0.00
61022000		0.00
61023000		0.00
61029000		0.00
61031010		0.00
61031020		0.00
61031090		0.00
61032200		0.00
61032300		0.00
61032910		0.00
61032990		0.00
61033100		0.00
61033200		0.00
61033300		0.00
61033900		0.00
61034100		0.00
61034200		0.00
61034300		0.00
61034900		0.00
61041300		0.00
61041910		0.00
61041920		0.00
61041990		0.00
61042200		0.00
61042300		0.00
61042910		0.00
61042990		0.00
61043100		0.00
61043200		0.00
61043300		0.00
61043900		0.00
61044100		0.00
61044200		0.00
61044300		0.00
61044400		0.00
61044900		0.00
61045100		0.00
61045200		0.00
61045300		0.00
61045900		0.00
61046100		0.00
61046200		0.00
61046300		0.00
61046900		0.00
61051000		0.00
61052000		0.00
61059000		0.00
61061000		0.00
61062000		0.00
61069000		0.00
61071100		0.00
61071200		0.00
61071900		0.00
61072100		0.00
61072200		0.00
61072900		0.00
61079100		0.00
61079910		0.00
61079990		0.00
61081100		0.00
61081900		0.00
61082100		0.00
61082200		0.00
61082900		0.00
61083100		0.00
61083200		0.00
61083900		0.00
61089100		0.00
61089200		0.00
61089900		0.00
61091000		0.00
61099000		0.00
61101100		0.00
61101200		0.00
61101900		0.00
61102000		0.00
61103000		0.00
61109000		0.00
61112000		0.00
61113000		0.00
61119010		0.00
61119090		0.00
61121100		0.00
61121200		0.00
61121900		0.00
61122000		0.00
61123100		0.00
61123900		0.00
61124100		0.00
61124900		0.00
61130000		0.00
61142000		0.00
61143000		0.00
61149010		0.00
61149090		0.00
61151011		0.00
61151012		0.00
61151013		0.00
61151014		0.00
61151019		0.00
61151021		0.00
61151022		0.00
61151029		0.00
61151091		0.00
61151092		0.00
61151093		0.00
61151099		0.00
61152100		0.00
61152200		0.00
61152910		0.00
61152920		0.00
61152990		0.00
61153010		0.00
61153020		0.00
61153090		0.00
61159400		0.00
61159500		0.00
61159600		0.00
61159900		0.00
61161000		0.00
61169100		0.00
61169200		0.00
61169300		0.00
61169900		0.00
61171000		0.00
61178010		0.00
61178090		0.00
61179000		0.00
62012000		0.00
62013000		0.00
62014000		0.00
62019000		0.00
62022000		0.00
62023000		0.00
62024000		0.00
62029000		0.00
62031100		0.00
62031200		0.00
62031900		0.00
62032200		0.00
62032300		0.00
62032910		0.00
62032990		0.00
62033100		0.00
62033200		0.00
62033300		0.00
62033900		0.00
62034100		0.00
62034200		0.00
62034300		0.00
62034900		0.00
62041100		0.00
62041200		0.00
62041300		0.00
62041900		0.00
62042100		0.00
62042200		0.00
62042300		0.00
62042900		0.00
62043100		0.00
62043200		0.00
62043300		0.00
62043900		0.00
62044100		0.00
62044200		0.00
62044300		0.00
62044400		0.00
62044900		0.00
62045100		0.00
62045200		0.00
62045300		0.00
62045900		0.00
62046100		0.00
62046200		0.00
62046300		0.00
62046900		0.00
62052000		0.00
62053000		0.00
62059010		0.00
62059090		0.00
62061000		0.00
62062000		0.00
62063000		0.00
62064000		0.00
62069000		0.00
62071100		0.00
62071900		0.00
62072100		0.00
62072200		0.00
62072900		0.00
62079100		0.00
62079910		0.00
62079990		0.00
62081100		0.00
62081900		0.00
62082100		0.00
62082200		0.00
62082900		0.00
62089100		0.00
62089200		0.00
62089900		0.00
62092000		0.00
62093000		0.00
62099010		0.00
62099090		0.00
62101000		0.00
62102000		0.00
62103000		0.00
62104000		0.00
62105000		0.00
62111100		0.00
62111200		0.00
62112000		0.00
62113200		0.00
62113300		0.00
62113910		0.00
62113990		0.00
62114200		0.00
62114300		0.00
62114900		0.00
62121000		0.00
62122000		0.00
62123000		0.00
62129000		0.00
62132000		0.00
62139010		0.00
62139090		0.00
62141000		0.00
62142000		0.00
62143000		0.00
62144000		0.00
62149010		0.00
62149090		0.00
62151000		0.00
62152000		0.00
62159000		0.00
62160000		0.00
62171000		0.00
62179000		0.00
63011000		0.00
63012000		0.00
63013000		0.00
63014000		0.00
63019000		0.00
63021000		0.00
63022100		0.00
63022200		0.00
63022900		0.00
63023100		0.00
63023200		0.00
63023900		0.00
63024000		0.00
63025100		0.00
63025300		0.00
63025910		0.00
63025990		0.00
63026000		0.00
63029100		0.00
63029300		0.00
63029910		0.00
63029990		0.00
63031200		0.00
63031910		0.00
63031990		0.00
63039100		0.00
63039200		0.00
63039900		0.00
63041100		0.00
63041910		0.00
63041990		0.00
63042000		0.00
63049100		0.00
63049200		0.00
63049300		0.00
63049900		0.00
63051000		9.75
63052000		9.75
63053200		9.75
63053310		9.75
63053390		9.75
63053900		9.75
63059000		9.75
63061200		3.25
63061910		3.25
63061990		3.25
63062200		6.50
63062910		6.50
63062990		6.50
63063010		6.50
63063090		6.50
63064010		3.25
63064090		3.25
63069000		3.25
63071000		0.00
63072000		0.00
63079010		0.00
63079020		0.00
63079090		0.00
63080000		0.00
63090010		NT
63090090		NT
63101000		NT
63109000		NT
64011000		0.00
64019200		0.00
64019910		0.00
64019990		0.00
64021200		0.00
64021900		0.00
64022000		0.00
64029110		0.00
64029190		0.00
64029910		0.00
64029990		0.00
64031200		0.00
64031900		0.00
64032000		0.00
64034000		0.00
64035110		0.00
64035190		0.00
64035910		0.00
64035990		0.00
64039110		0.00
64039190		0.00
64039910		0.00
64039990		0.00
64041100		0.00
64041900		0.00
64042000		0.00
64051010		0.00
64051020		0.00
64051090		0.00
64052000		0.00
64059000		0.00
64061000		0.00
64062000		0.00
64069010		0.00
64069020		0.00
64069090		0.00
65010000		0.00
65020010		0.00
65020090		0.00
65040010		0.00
65040090		0.00
65050011		0.00
65050012		0.00
65050019		0.00
65050021		0.00
65050022		0.00
65050029		0.00
65050031		0.00
65050032		0.00
65050039		0.00
65050090		0.00
65061010		0.00
65061090		0.00
65069100		0.00
65069900		0.00
65070000		0.00
66011000		3.25
66019110		0.00
66019190		0.00
66019900		0.00
66020000		0.00
66032000		0.00
66039000		0.00
67010000		0.00
67010000	1	NT
67010000	2	13.00
67010000	3	13.00
67021000		9.75
67029000		9.75
67030000		9.75
67041100		9.75
67041900		9.75
67042000		9.75
67049000		9.75
68010000		0.00
68021000		3.25
68021000	1	0.65
68022100		3.25
68022100	1	0.65
68022300		3.25
68022300	1	0.65
68022900		3.25
68022900	1	0.65
68029100		3.25
68029100	1	0.65
68029200		3.25
68029200	1	0.65
68029310		3.25
68029390		3.25
68029390	1	0.65
68029910		3.25
68029990		3.25
68029990	1	0.65
68030000		3.25
68030000	1	0.65
68041000		0.00
68042111		0.00
68042119		0.00
68042190		0.00
68042211		0.00
68042219		0.00
68042290		0.00
68042300		0.00
68043000		0.00
68051000		0.00
68052000		0.00
68053010		0.00
68053020		0.00
68053090		0.00
68061000		0.00
68061000	1	6.50
68062000		0.00
68069010		0.00
68069090		0.00
68069090	1	6.50
68071000		3.25
68079000		3.25
68079000	1	0.00
68080000		6.50
68091100		0.00
68091900		3.25
68099000		3.25
68101100		0.00
68101900		0.00
68109100		0.00
68109900		0.00
68114000		3.25
68118100		3.25
68118200		3.25
68118900		3.25
68128000		6.50
68129100		0.00
68129910		6.50
68129920		6.50
68129930		6.50
68129990		6.50
68132000		6.50
68132000	1	9.75
68138110		9.75
68138190		9.75
68138910		9.75
68138990		6.50
68141000		0.00
68149000		0.00
68151100		6.50
68151200		6.50
68151300		6.50
68151900		6.50
68152000		6.50
68159110		6.50
68159190		6.50
68159911		6.50
68159912		6.50
68159913		6.50
68159914		6.50
68159919		6.50
68159990		6.50
69010000		5.20
69021011		5.20
69021018		5.20
69021019		5.20
69021090		5.20
69022010		5.20
69022091		5.20
69022092		5.20
69022093		5.20
69022099		5.20
69029010		5.20
69029020		5.20
69029030		5.20
69029040		5.20
69029090		5.20
69031011		5.20
69031012		5.20
69031019		5.20
69031020		5.20
69031030		5.20
69031040		5.20
69031090		5.20
69032010		5.20
69032020		5.20
69032030		5.20
69032090		5.20
69039011		5.20
69039012		5.20
69039019		5.20
69039091		5.20
69039092		5.20
69039099		5.20
69041000		0.00
69049000		0.00
69051000		0.00
69059000		0.00
69060000		0.00
69072100		0.65
69072200		0.65
69072300		0.65
69073000		0.65
69074000		0.65
69091100		6.50
69091210		6.50
69091220		6.50
69091230		6.50
69091290		6.50
69091910		6.50
69091920		6.50
69091930		6.50
69091990		6.50
69099000		6.50
69101000		0.00
69109000		0.00
69111010		9.75
69111090		9.75
69119000		9.75
69120000		6.50
69131000		13.00
69139000		13.00
69141000		6.50
69149000		6.50
70010000		6.50
70010000	1	NT
70010000	2	0.00
70021000		6.50
70021000	1	0.00
70022000		6.50
70022000	1	0.00
70023100		6.50
70023100	1	0.00
70023200		6.50
70023200	1	0.00
70023900		6.50
70023900	1	0.00
70031200		6.50
70031200	1	0.00
70031900		6.50
70031900	1	0.00
70032000		6.50
70033000		6.50
70042000		6.50
70042000	1	0.00
70049000		6.50
70049000	1	0.00
70051000		6.50
70051000	1	0.00
70052100		6.50
70052100	1	0.00
70052900		6.50
70052900	1	0.00
70053000		6.50
70060000		6.50
70060000	1	0.00
70071100		9.75
70071100	1	1.95
70071900		6.50
70072100		9.75
70072100	1	1.95
70072900		6.50
70080000		6.50
70091000		9.75
70091000	1	1.95
70099100		9.75
70099200		9.75
70101000		0.00
70102000		9.75
70109011		9.75
70109012		9.75
70109021		9.75
70109022		9.75
70109090		9.75
70111010		6.50
70111021		6.50
70111029		6.50
70111090		6.50
70112000		6.50
70119000		6.50
70131000		6.50
70132200		9.75
70132800		9.75
70133300		9.75
70133700		9.75
70134100		6.50
70134210		6.50
70134290		6.50
70134290	1	9.75
70134900		6.50
70134900	1	9.75
70139110		9.75
70139190		9.75
70139900		9.75
70140000		9.75
70140000	1	0.00
70151010		0.00
70151091		0.00
70151092		0.00
70159010		9.75
70159020		9.75
70159030		9.75
70159090		9.75
70161000		9.75
70169000		9.75
70171000		0.00
70172000		0.00
70179000		0.00
70181010		13.00
70181020		13.00
70181090		13.00
70182000		13.00
70189000		13.00
70191100		6.50
70191210		6.50
70191290		6.50
70191300		6.50
70191400		10.00
70191500		10.00
70191900		10.00
70196100		6.50
70196200		6.50
70196300		6.50
70196400		6.50
70196500		6.50
70196600		6.50
70196900		6.50
70197100		6.50
70197200		6.50
70197310		6.50
70197390		6.50
70198000		6.50
70199000		6.50
70200010		9.75
70200090		9.75
71011000		19.50
71012100		19.50
71012200		19.50
71021000		0.00
71021000	1	NT
71022100		0.00
71022900		0.00
71023100		0.00
71023100	1	NT
71023900		0.00
71031000		NT
71039100		0.00
71039900		0.00
71041000		7.80
71042100		7.80
71042900		7.80
71049100		7.80
71049900		7.80
71051000		0.00
71059000		0.00
71061000		0.00
71069100		0.00
71069210		0.00
71069220		0.00
71069290		0.00
71070000		6.50
71081100		0.00
71081210		0.00
71081290		0.00
71081310		0.00
71081390		0.00
71082000		0.00
71090000		6.50
71101100		0.00
71101910		0.00
71101990		0.00
71102100		0.00
71102900		0.00
71103100		0.00
71103900		0.00
71104100		0.00
71104900		0.00
71110000		6.50
71123010		0.00
71123010	1	NT
71123020		0.00
71123020	1	NT
71123090		0.00
71123090	1	NT
71129100		0.00
71129100	1	NT
71129200		0.00
71129200	1	NT
71129900		0.00
71129900	1	NT
71131100		7.80
71131900		12.00
71132000		7.80
71141100		7.80
71141900		7.80
71142000		7.80
71151000		6.50
71159000		6.50
71161000		7.80
71162010		7.80
71162020		7.80
71162090		7.80
71171100		7.80
71171900		7.80
71179000		7.80
71181010		NT
71181090		NT
71189000		NT
72011000		3.25
72012000		3.25
72015000		3.25
72021100		3.25
72021900		3.25
72022100		3.25
72022900		3.25
72023000		3.25
72024100		3.25
72024900		3.25
72025000		3.25
72026000		3.25
72027000		3.25
72028000		3.25
72029100		3.25
72029200		3.25
72029300		3.25
72029910		3.25
72029990		3.25
72031000		3.25
72039000		3.25
72041000		NT
72042100		NT
72042900		NT
72043000		NT
72044100		NT
72044900		NT
72045000		3.25
72051000		3.25
72052100		3.25
72052910		3.25
72052920		3.25
72052990		3.25
72061000		3.25
72069000		3.25
72071110		3.25
72071190		3.25
72071200		3.25
72071900		3.25
72072000		3.25
72081000		3.25
72082500		3.25
72082610		3.25
72082690		3.25
72082710		3.25
72082790		3.25
72083610		3.25
72083690		3.25
72083700		3.25
72083810		3.25
72083890		3.25
72083910		3.25
72083990		3.25
72084000		3.25
72085100		3.25
72085200		3.25
72085300		3.25
72085400		3.25
72089000		3.25
72091500		3.25
72091600		3.25
72091700		3.25
72091800		3.25
72092500		3.25
72092600		3.25
72092700		3.25
72092800		3.25
72099000		3.25
72101100		3.25
72101200		3.25
72102000		3.25
72103010		3.25
72103090		3.25
72104110		3.25
72104190		3.25
72104910		3.25
72104990		3.25
72105000		3.25
72106100		3.25
72106911		3.25
72106919		3.25
72106990		3.25
72107010		3.25
72107020		3.25
72109000		3.25
72111300		3.25
72111400		3.25
72111900		3.25
72112300		3.25
72112910		3.25
72112920		3.25
72119010		3.25
72119090		3.25
72121000		3.25
72122010		3.25
72122090		3.25
72123000		3.25
72124010		3.25
72124021		3.25
72124029		3.25
72125010		3.25
72125090		3.25
72126000		3.25
72131000		0.00
72132000		0.00
72139110		0.00
72139190		0.00
72139910		0.00
72139990		0.00
72141010		0.00
72141090		0.00
72142000		0.00
72143000		0.00
72149100		0.00
72149910		0.00
72149990		0.00
72151000		3.25
72155000		3.25
72159010		3.25
72159090		3.25
72161000		0.00
72162100		0.00
72162200		0.00
72163100		0.00
72163200		0.00
72163300		0.00
72164010		0.00
72164090		0.00
72165000		0.00
72166110		0.00
72166190		0.00
72166910		0.00
72166990		0.00
72169100		0.00
72169900		0.00
72171011		3.25
72171019		3.25
72171090		3.25
72172010		3.25
72172090		3.25
72173010		3.25
72173090		3.25
72179000		3.25
72181000		3.25
72189100		3.25
72189900		3.25
72191100		3.25
72191200		3.25
72191300		3.25
72191400		3.25
72192100		3.25
72192200		3.25
72192300		3.25
72192400		3.25
72193100		3.25
72193200		3.25
72193300		3.25
72193400		3.25
72193500		3.25
72199010		3.25
72199090		3.25
72201100		3.25
72201210		3.25
72201220		3.25
72201290		3.25
72202010		3.25
72202090		3.25
72209000		3.25
72210000		3.25
72221100		3.25
72221910		3.25
72221990		3.25
72222000		3.25
72223000		3.25
72224010		3.25
72224090		3.25
72230000		3.25
72241000		3.25
72249000		3.25
72251100		3.25
72251900		3.25
72253000		3.25
72254010		3.25
72254020		3.25
72254090		3.25
72255010		3.25
72255090		3.25
72259100		3.25
72259200		3.25
72259910		3.25
72259990		3.25
72261100		3.25
72261900		3.25
72262010		3.25
72262090		3.25
72269100		3.25
72269200		3.25
72269900		3.25
72271000		3.25
72272000		3.25
72279000		3.25
72281010		3.25
72281090		3.25
72282000		3.25
72283000		3.25
72284000		3.25
72285000		3.25
72286000		3.25
72287000		3.25
72288000		3.25
72292000		3.25
72299000		3.25
73011000		0.00
73012000		6.50
73021010		0.00
73021090		0.00
73023000		0.00
73024000		0.00
73029000		0.00
73030000		3.25
73041100		0.00
73041900		0.00
73042200		0.00
73042310		0.00
73042390		0.00
73042400		0.00
73042910		0.00
73042931		0.00
73042939		0.00
73042990		0.00
73043110		3.25
73043190		3.25
73043910		3.25
73043920		3.25
73043990		3.25
73044110		3.25
73044190		3.25
73044900		3.25
73045111		3.25
73045119		3.25
73045190		3.25
73045910		3.25
73045990		3.25
73049011		3.25
73049019		3.25
73049090		3.25
73051100		0.00
73051200		0.00
73051900		0.00
73052000		0.00
73053100		3.25
73053900		3.25
73059000		3.25
73061100		0.00
73061900		0.00
73062100		0.00
73062900		0.00
73063010		3.25
73063090		3.25
73064000		3.25
73065000		3.25
73066100		5.00
73066900		3.25
73069010		3.25
73069020		3.25
73069090		3.25
73071100		3.25
73071910		3.25
73071920		3.25
73071990		3.25
73072100		3.25
73072200		3.25
73072300		3.25
73072900		3.25
73079100		3.25
73079200		3.25
73079300		3.25
73079900		3.25
73081000		0.00
73082000		0.00
73083000		0.00
73084000		0.00
73089010		0.00
73089090		3.25
73089090	1	0.00
73090010		0.00
73090020		0.00
73090090		0.00
73101010		3.25
73101090		3.25
73102110		6.50
73102190		6.50
73102910		6.50
73102920		0.00
73102990		6.50
73110000		6.50
73121010		9.75
73121090		9.75
73121090	1	3.25
73129000		9.75
73130000		3.25
73141200		9.75
73141400		9.75
73141900		9.75
73142000		9.75
73142000	1	0.00
73143100		9.75
73143900		9.75
73143900	1	0.00
73144100		9.75
73144200		9.75
73144900		9.75
73145000		9.75
73151110		9.75
73151190		9.75
73151210		15.00
73151290		9.75
73151900		9.75
73152000		9.75
73158100		9.75
73158200		9.75
73158900		9.75
73159000		9.75
73160000		9.75
73170010		6.50
73170020		6.50
73170030		6.50
73170090		6.50
73181100		6.50
73181200		6.50
73181300		6.50
73181400		6.50
73181500		6.50
73181600		6.50
73181900		6.50
73182100		6.50
73182200		6.50
73182300		6.50
73182400		6.50
73182900		6.50
73194000		9.75
73199000		9.75
73201000		9.75
73201000	1	2.60
73202010		9.75
73202090		9.75
73209000		9.75
73211100		6.50
73211100	1	2.60
73211200		6.50
73211200	1	2.60
73211900		6.50
73211900	1	2.60
73218100		6.50
73218200		6.50
73218900		6.50
73219000		6.50
73219000	1	2.60
73221100		9.75
73221900		9.75
73229010		9.75
73229090		9.75
73231000		6.50
73231000	1	3.25
73239100		6.50
73239200		6.50
73239300		6.50
73239400		6.50
73239900		6.50
73241000		0.00
73242100		6.50
73242900		6.50
73249000		6.50
73251000		6.50
73259100		6.50
73259910		6.50
73259990		6.50
73261100		6.50
73261900		6.50
73262000		3.25
73269010		3.25
73269020		3.25
73269090		5.00
74010000		0.00
74020000		0.00
74031100		0.00
74031200		0.00
74031300		0.00
74031900		0.00
74032100		0.00
74032200		0.00
74032900		0.00
74040000		NT
74050000		0.00
74061010		0.00
74061020		0.00
74061090		0.00
74062000		0.00
74071010		3.25
74071021		3.25
74071029		3.25
74072110		3.25
74072120		3.25
74072910		3.25
74072921		3.25
74072929		3.25
74081100		0.00
74081900		0.00
74082100		3.25
74082200		3.25
74082912		3.25
74082913		3.25
74082919		3.25
74082990		3.25
74091100		3.25
74091900		3.25
74092100		3.25
74092900		3.25
74093111		3.25
74093119		3.25
74093190		3.25
74093900		3.25
74094011		3.25
74094019		3.25
74094090		3.25
74099000		3.25
74101112		3.25
74101113		3.25
74101119		3.25
74101190		3.25
74101200		3.25
74102110		3.25
74102120		3.25
74102130		3.25
74102190		3.25
74102200		3.25
74111010		3.25
74111090		3.25
74112110		3.25
74112190		3.25
74112210		3.25
74112290		3.25
74112910		3.25
74112990		3.25
74121000		3.25
74122000		3.25
74130000		0.00
74151000		6.50
74152100		6.50
74152900		6.50
74153300		6.50
74153900		6.50
74181000		6.50
74182000		6.50
74192000		6.50
74192000	1	3.25
74198010		0.00
74198020		0.00
74198030		6.50
74198040		3.25
74198090		3.25
74198090	1	6.50
75011000		0.00
75012000		0.00
75021010		0.00
75021090		0.00
75022000		0.00
75030000		NT
75040010		0.00
75040090		0.00
75051110		0.00
75051121		0.00
75051129		0.00
75051210		0.00
75051221		0.00
75051229		0.00
75052100		0.00
75052210		0.00
75052290		0.00
75061000		0.00
75062000		0.00
75071100		0.00
75071200		0.00
75072000		0.00
75081000		0.00
75089010		0.00
75089090		0.00
76011000		2.60
76012000		2.60
76020000		NT
76031000		2.60
76032000		2.60
76041010		0.00
76041021		0.00
76041029		0.00
76042100		0.00
76042911		0.00
76042919		0.00
76042920		0.00
76051110		3.25
76051190		3.25
76051910		3.25
76051990		3.25
76052110		3.25
76052190		3.25
76052910		3.25
76052990		3.25
76061110		3.25
76061190		3.25
76061210		3.25
76061220		3.25
76061230		3.25
76061290		3.25
76069100		3.25
76069200		3.25
76071110		3.25
76071120		3.25
76071190		3.25
76071910		3.25
76071990		3.25
76072000		3.25
76081000		0.00
76082010		0.00
76082090		0.00
76090000		3.25
76101000		0.00
76109000		0.00
76110000		3.25
76121000		6.50
76129011		6.50
76129012		6.50
76129019		6.50
76129020		6.50
76129090		6.50
76130000		6.50
76141010		6.50
76141090		6.50
76149010		6.50
76149090		6.50
76151000		6.50
76152000		6.50
76161000		6.50
76169100		6.50
76169900		3.25
76169900	1	5.00
78011011		0.00
78011019		0.00
78011090		0.00
78019100		0.00
78019900		0.00
78020000		NT
78041100		0.00
78041900		0.00
78042000		0.00
78060010		0.00
78060020		0.00
78060090		0.00
79011111		0.00
79011119		0.00
79011191		0.00
79011199		0.00
79011210		0.00
79011290		0.00
79012010		0.00
79012090		0.00
79020000		NT
79031000		0.00
79039000		0.00
79040000		0.00
79050000		0.00
79070010		0.00
79070090		0.00
80011000		0.00
80012000		0.00
80020000		NT
80030000		0.00
80070010		0.00
80070020		0.00
80070030		0.00
80070090		0.00
81011000		0.00
81019400		0.00
81019600		0.00
81019700		0.00
81019910		0.00
81019990		0.00
81021000		0.00
81029400		0.00
81029500		0.00
81029600		0.00
81029700		0.00
81029900		0.00
81032000		0.00
81033000		0.00
81039100		0.00
81039900		0.00
81041100		0.00
81041900		0.00
81042000		NT
81043000		2.60
81049000		2.60
81052010		0.00
81052021		0.00
81052029		0.00
81052090		0.00
81053000		0.00
81059010		0.00
81059090		0.00
81061000		0.00
81069000		0.00
81082000		0.00
81083000		0.00
81089000		0.00
81092100		0.00
81092900		0.00
81093100		0.00
81093900		0.00
81099100		0.00
81099900		0.00
81101010		0.00
81101020		0.00
81102000		0.00
81109000		0.00
81110010		0.00
81110020		0.00
81110090		0.00
81121200		0.00
81121300		0.00
81121900		0.00
81122110		0.00
81122120		0.00
81122200		0.00
81122900		0.00
81123100		0.00
81123900		0.00
81124100		0.00
81124900		0.00
81125100		0.00
81125200		0.00
81125900		0.00
81126100		0.00
81126900		0.00
81129200		0.00
81129900		0.00
81130010		0.00
81130090		0.00
82011000		0.00
82013000		0.00
82014000		0.00
82015000		0.00
82016000		0.00
82019000		0.00
82021000		5.20
82022000		5.20
82023100		5.20
82023900		5.20
82024000		5.20
82029100		5.20
82029910		5.20
82029990		5.20
82031010		5.20
82031090		5.20
82032010		5.20
82032090		5.20
82033000		5.20
82034000		5.20
82041100		5.20
82041200		5.20
82042000		5.20
82051000		5.20
82052000		5.20
82053000		5.20
82054000		5.20
82055100		5.20
82055900		5.20
82056000		5.20
82057000		5.20
82059000		5.20
82060000		5.20
82071300		5.20
82071910		5.20
82071990		5.20
82072000		5.20
82073000		0.00
82074010		5.20
82074020		5.20
82075011		5.20
82075019		5.20
82075090		5.20
82076000		5.20
82077010		5.20
82077020		5.20
82077090		5.20
82078000		5.20
82079000		5.20
82081000		5.20
82082000		5.20
82083000		5.20
82084000		5.20
82084000	1	2.60
82089000		5.20
82090011		5.20
82090019		5.20
82090090		5.20
82100010		6.50
82100090		6.50
82111000		7.80
82119100		7.80
82119210		7.80
82119220		7.80
82119290		7.80
82119310		7.80
82119320		7.80
82119390		7.80
82119400		6.50
82119500		6.50
82121010		7.80
82121020		15.00
82122010		12.00
82122020		7.80
82129000		7.80
82130000		7.80
82141000		6.50
82142000		6.50
82149010		6.50
82149090		6.50
82151000		6.50
82152000		6.50
82159100		6.50
82159910		6.50
82159990		6.50
83011000		0.00
83012000		6.50
83013000		6.50
83014000		0.00
83015000		6.50
83016000		0.00
83017000		0.00
83021000		0.00
83022000		6.50
83023000		6.50
83024100		3.25
83024200		6.50
83024900		6.50
83025000		6.50
83026000		6.50
83030000		9.75
83040000		6.50
83051000		6.50
83052000		6.50
83059000		6.50
83061000		7.80
83061000	1	0.00
83062100		9.75
83062900		9.75
83063000		7.80
83071010		3.25
83071090		3.25
83079000		3.25
83081000		0.00
83082000		6.50
83089010		0.00
83089020		7.80
83089090		6.50
83089090	1	0.00
83091000		0.00
83099000		0.00
83100000		0.00
83100000	1	9.75
83111000		6.50
83112000		6.50
83113000		6.50
83119000		6.50
84011000		0.00
84012000		0.00
84013000		0.00
84014000		0.00
84021100		0.00
84021200		0.00
84021900		0.00
84022000		0.00
84029000		0.00
84031010		0.00
84031090		0.00
84039000		3.25
84041010		0.00
84041020		0.00
84042000		0.00
84049010		3.25
84049090		3.25
84051000		0.00
84059000		3.25
84061000		3.25
84068100		0.00
84068200		0.00
84069011		3.25
84069019		3.25
84069021		3.25
84069029		3.25
84069090		0.00
84071000		3.25
84072110		3.25
84072190		5.00
84072910		3.25
84072990		3.25
84073110		3.25
84073190		3.25
84073200		3.25
84073310		3.25
84073390		3.25
84073410		3.25
84073490		3.25
84079000		0.00
84081010		3.25
84081090		3.25
84082010		3.25
84082020		3.25
84082020	1	2.60
84082020	2	2.60
84082030		3.25
84082030	1	2.60
84082030	2	2.60
84082090		3.25
84082090	1	2.60
84082090	2	2.60
84089010		0.00
84089090		0.00
84091000		3.25
84099111		3.25
84099112		3.25
84099113		3.25
84099114		3.25
84099115		3.25
84099116		3.25
84099117		3.25
84099118		3.25
84099120		3.25
84099130		3.25
84099140		9.75
84099190		3.25
84099190	1	5.00
84099912		3.25
84099912	1	2.60
84099914		3.25
84099915		3.25
84099917		3.25
84099921		3.25
84099929		3.25
84099930		3.25
84099941		3.25
84099941	1	2.60
84099949		3.25
84099949	1	2.60
84099951		3.25
84099951	1	2.60
84099959		3.25
84099959	1	2.60
84099961		3.25
84099969		3.25
84099971		3.25
84099979		3.25
84099991		3.25
84099999		3.25
84099999	1	2.60
84101100		0.00
84101200		0.00
84101300		0.00
84109000		0.00
84111100		3.25
84111200		3.25
84112100		3.25
84112200		3.25
84118100		0.00
84118200		3.25
84119100		3.25
84119900		3.25
84121000		0.00
84122110		0.00
84122190		0.00
84122900		0.00
84123110		0.00
84123190		0.00
84123900		0.00
84128000		0.00
84129010		0.00
84129080		0.00
84129090		0.00
84131100		3.25
84131900		3.25
84132000		3.25
84133010		3.25
84133010	1	5.00
84133020		3.25
84133020	1	2.60
84133030		3.25
84133090		3.25
84134000		0.00
84135010		0.00
84135090		0.00
84136011		0.00
84136019		0.00
84136090		0.00
84137010		3.25
84137080		3.25
84137090		0.00
84138100		0.00
84138200		0.00
84139110		0.00
84139190		3.25
84139190	1	2.60
84139200		0.00
84141000		0.00
84142000		3.25
84143011		3.25
84143019		0.00
84143091		3.25
84143099		0.00
84144010		0.00
84144020		0.00
84144090		0.00
84145110		9.75
84145120		9.75
84145190		9.75
84145910		3.25
84145990		0.00
84146000		6.50
84146000	1	9.75
84147000		0.00
84148011		0.00
84148012		0.00
84148013		0.00
84148019		0.00
84148021		3.25
84148022		3.25
84148029		0.00
84148031		0.00
84148032		0.00
84148033		0.00
84148038		0.00
84148039		0.00
84148090		0.00
84149010		3.25
84149020		3.25
84149031		3.25
84149032		3.25
84149033		3.25
84149034		3.25
84149039		0.00
84149040		3.25
84151011		20.00
84151011	1	35.00
84151019		20.00
84151090		20.00
84152010		13.00
84152090		13.00
84158110		13.00
84158190		0.00
84158210		13.00
84158290		0.00
84158300		13.00
84159010		20.00
84159010	1	35.00
84159020		20.00
84159020	1	35.00
84159090		20.00
84161000		0.00
84162010		0.00
84162090		0.00
84163000		0.00
84169000		3.25
84171010		0.00
84171020		0.00
84171090		0.00
84172000		0.00
84178010		0.00
84178020		0.00
84178090		0.00
84179000		0.00
84181000		9.75
84182100		9.75
84182900		9.75
84183000		9.75
84183000	1	9.75
84184000		9.75
84184000	1	9.75
84185010		0.00
84185090		0.00
84186100		0.00
84186910		0.00
84186920		0.00
84186931		9.75
84186931	1	6.50
84186932		0.00
84186940		0.00
84186940	1	13.00
84186991		3.25
84186999		9.75
84186999	1	0.00
84186999	2	3.25
84186999	3	3.25
84186999	4	0.00
84186999	5	0.00
84189100		9.75
84189900		9.75
84189900	1	3.25
84191100		3.25
84191100	1	6.50
84191200		0.00
84191900		3.25
84192000		3.25
84193300		0.00
84193400		0.00
84193500		0.00
84193900		0.00
84194010		0.00
84194020		0.00
84194090		0.00
84195010		0.00
84195021		0.00
84195022		0.00
84195029		0.00
84195090		0.00
84196000		0.00
84198110		0.00
84198190		0.00
84198911		0.00
84198919		0.00
84198919	1	5.20
84198920		0.00
84198930		0.00
84198940		0.00
84198991		5.20
84198999		3.25
84198999	1	0.00
84199010		3.25
84199020		3.25
84199031		3.25
84199039		0.00
84199040		3.25
84199090		3.25
84201010		0.00
84201090		0.00
84209100		3.25
84209900		3.25
84211110		0.00
84211190		0.00
84211210		13.00
84211290		13.00
84211910		0.00
84211990		0.00
84211990	1	15.60
84212100		0.00
84212200		0.00
84212300		5.20
84212300	1	2.60
84212300	2	2.60
84212911		0.00
84212919		0.00
84212920		0.00
84212930		0.00
84212990		0.00
84213100		5.20
84213200		3.25
84213200	1	0.00
84213200	2	0.00
84213910		0.00
84213930		0.00
84213990		0.00
84219110		5.20
84219191		5.20
84219199		5.20
84219910		5.20
84219920		5.20
84219991		5.20
84219999		5.20
84221100		20.00
84221900		13.00
84221900	1	0.00
84222000		0.00
84223010		0.00
84223021		0.00
84223022		0.00
84223023		0.00
84223029		0.00
84223030		0.00
84224010		0.00
84224020		0.00
84224030		0.00
84224090		0.00
84229010		20.00
84229090		3.25
84231000		6.50
84231000	1	13.00
84232000		0.00
84233011		0.00
84233019		0.00
84233090		0.00
84238110		3.25
84238190		3.25
84238200		0.00
84238900		0.00
84239010		6.50
84239021		6.50
84239029		6.50
84241000		5.20
84242000		3.25
84243010		0.00
84243020		0.00
84243030		0.00
84243090		0.00
84244100		0.00
84244900		0.00
84248221		0.00
84248229		0.00
84248290		0.00
84248910		3.25
84248920		3.25
84248990		3.25
84249010		3.25
84249090		3.25
84251100		0.00
84251910		0.00
84251990		0.00
84253110		0.00
84253190		0.00
84253910		0.00
84253990		0.00
84254100		0.00
84254200		0.00
84254910		3.25
84254990		0.00
84261100		0.00
84261200		0.00
84261900		0.00
84262000		0.00
84263000		0.00
84264110		0.00
84264190		0.00
84264910		0.00
84264990		0.00
84269100		0.00
84269900		0.00
84271011		0.00
84271019		0.00
84271090		0.00
84272010		0.00
84272090		0.00
84279000		0.00
84281000		0.00
84282010		0.00
84282090		0.00
84283100		0.00
84283200		0.00
84283300		0.00
84283910		0.00
84283920		0.00
84283930		0.00
84283990		0.00
84284000		6.50
84286000		0.00
84286000	1	6.50
84287000		0.00
84289010		0.00
84289020		0.00
84289030		0.00
84289090		0.00
84291110		0.00
84291190		0.00
84291910		0.00
84291990		0.00
84292010		0.00
84292090		0.00
84293000		0.00
84294000		0.00
84295111		0.00
84295119		0.00
84295121		0.00
84295129		0.00
84295191		0.00
84295192		0.00
84295199		0.00
84295211		0.00
84295212		0.00
84295219		0.00
84295220		0.00
84295290		0.00
84295900		0.00
84301000		0.00
84302000		3.25
84303110		0.00
84303190		0.00
84303910		0.00
84303990		0.00
84304110		0.00
84304120		0.00
84304130		0.00
84304190		0.00
84304910		0.00
84304920		0.00
84304990		0.00
84305000		0.00
84306100		0.00
84306911		0.00
84306919		0.00
84306990		0.00
84311010		3.25
84311090		3.25
84312011		3.25
84312019		3.25
84312090		3.25
84313110		3.25
84313190		3.25
84313900		0.00
84314100		3.25
84314200		3.25
84314310		3.25
84314390		3.25
84314910		3.25
84314921		3.25
84314922		3.25
84314923		3.25
84314929		3.25
84321000		0.00
84322100		0.00
84322900		0.00
84323110		0.00
84323190		0.00
84323910		0.00
84323990		0.00
84324100		0.00
84324200		0.00
84328000		0.00
84328000	1	3.25
84329000		3.25
84331100		3.25
84331900		3.25
84332010		0.00
84332090		0.00
84333000		0.00
84334000		0.00
84335100		0.00
84335200		0.00
84335300		0.00
84335911		0.00
84335919		0.00
84335990		0.00
84336010		0.00
84336021		0.00
84336029		0.00
84336090		0.00
84339010		3.25
84339090		3.25
84339090	1	2.60
84341000		0.00
84342010		0.00
84342090		0.00
84349000		3.25
84351000		0.00
84359000		3.25
84361000		0.00
84362100		0.00
84362900		0.00
84368000		0.00
84369100		3.25
84369900		3.25
84371000		0.00
84378010		0.00
84378090		0.00
84379000		3.25
84381000		0.00
84382011		0.00
84382019		0.00
84382090		0.00
84383000		0.00
84384000		0.00
84385000		0.00
84386000		0.00
84388010		0.00
84388020		0.00
84388090		0.00
84389000		3.25
84391010		0.00
84391020		0.00
84391030		0.00
84391090		0.00
84392000		0.00
84393010		0.00
84393020		0.00
84393030		0.00
84393090		0.00
84399100		3.25
84399910		3.25
84399990		3.25
84401011		0.00
84401019		0.00
84401020		0.00
84401090		0.00
84409000		3.25
84411010		0.00
84411090		0.00
84412000		0.00
84413010		0.00
84413090		0.00
84414000		0.00
84418000		0.00
84419000		3.25
84423010		0.00
84423020		0.00
84423090		0.00
84424010		3.25
84424020		3.25
84424090		3.25
84425000		3.25
84431110		0.00
84431190		0.00
84431200		0.00
84431310		0.00
84431321		0.00
84431329		0.00
84431390		0.00
84431400		0.00
84431500		0.00
84431600		0.00
84431710		0.00
84431790		0.00
84431910		0.00
84431990		0.00
84433111		9.75
84433112		9.75
84433113		9.75
84433114		9.75
84433115		9.75
84433116		9.75
84433119		9.75
84433191		9.75
84433199		9.75
84433221		9.75
84433222		0.00
84433223		9.75
84433229		9.75
84433231		9.75
84433232		15.00
84433233		9.75
84433234		9.75
84433235		9.75
84433236		9.75
84433237		9.75
84433238		9.75
84433239		9.75
84433240		9.75
84433251		9.75
84433252		9.75
84433259		9.75
84433291		9.75
84433299		15.00
84433910		0.00
84433921		13.00
84433928		13.00
84433929		13.00
84433930		13.00
84433990		13.00
84439110		3.25
84439191		0.00
84439192		0.00
84439199		0.00
84439911		6.50
84439912		6.50
84439919		6.50
84439921		6.50
84439922		3.25
84439923		3.25
84439929		6.50
84439931		3.25
84439932		3.25
84439933		3.25
84439939		6.50
84439941		6.50
84439942		3.25
84439949		6.50
84439950		6.50
84439960		9.75
84439970		6.50
84439980		6.50
84439990		6.50
84440010		0.00
84440020		0.00
84440090		0.00
84451110		0.00
84451120		0.00
84451190		0.00
84451200		0.00
84451300		0.00
84451910		0.00
84451921		0.00
84451922		0.00
84451923		0.00
84451924		0.00
84451925		0.00
84451926		0.00
84451927		0.00
84451929		0.00
84452000		0.00
84453010		0.00
84453090		0.00
84454011		0.00
84454012		0.00
84454018		0.00
84454019		0.00
84454021		0.00
84454029		0.00
84454031		0.00
84454039		0.00
84454040		0.00
84454090		0.00
84459010		0.00
84459020		0.00
84459030		0.00
84459040		0.00
84459090		0.00
84461010		0.00
84461090		0.00
84462100		0.00
84462900		0.00
84463010		0.00
84463020		0.00
84463030		0.00
84463040		0.00
84463090		0.00
84471100		0.00
84471200		0.00
84472010		0.00
84472021		0.00
84472029		0.00
84472030		0.00
84479010		0.00
84479020		0.00
84479090		0.00
84481110		0.00
84481120		0.00
84481190		0.00
84481900		3.25
84482010		3.25
84482020		3.25
84482030		3.25
84482090		3.25
84483100		0.00
84483211		3.25
84483219		3.25
84483220		3.25
84483230		3.25
84483240		3.25
84483250		3.25
84483290		3.25
84483310		3.25
84483390		3.25
84483911		3.25
84483912		3.25
84483917		3.25
84483919		3.25
84483921		3.25
84483922		3.25
84483923		3.25
84483929		3.25
84483991		3.25
84483992		3.25
84483999		3.25
84484200		0.00
84484910		3.25
84484920		3.25
84484990		3.25
84485110		3.25
84485190		3.25
84485910		3.25
84485921		3.25
84485922		3.25
84485929		3.25
84485930		3.25
84485940		3.25
84485990		3.25
84490010		0.00
84490020		0.00
84490080		0.00
84490091		3.25
84490099		3.25
84501100		3.25
84501100	1	13.00
84501200		3.25
84501200	1	13.00
84501900		3.25
84501900	1	6.50
84502010		3.25
84502020		13.00
84502090		13.00
84502090	1	0.00
84509010		13.00
84509090		13.00
84511000		0.00
84512100		3.25
84512100	1	13.00
84512910		0.00
84512990		0.00
84513010		0.00
84513091		3.25
84513099		0.00
84514010		0.00
84514021		0.00
84514029		0.00
84514090		0.00
84515010		0.00
84515020		0.00
84515090		0.00
84518000		0.00
84518000	1	7.80
84519010		3.25
84519090		3.25
84521000		1.95
84522110		0.00
84522120		0.00
84522190		0.00
84522910		0.00
84522921		0.00
84522922		0.00
84522923		0.00
84522924		0.00
84522925		0.00
84522929		0.00
84522990		0.00
84523000		3.25
84529020		3.25
84529020	1	1.95
84529081		3.25
84529089		3.25
84529091		3.25
84529092		3.25
84529093		3.25
84529094		3.25
84529099		3.25
84531010		0.00
84531090		0.00
84532000		0.00
84538000		0.00
84539000		0.00
84541000		0.00
84542010		0.00
84542090		0.00
84543010		0.00
84543020		0.00
84543090		0.00
84549010		3.25
84549090		0.00
84551000		0.00
84552110		0.00
84552190		0.00
84552210		0.00
84552290		0.00
84553010		0.00
84553020		0.00
84553090		0.00
84559000		3.25
84561111		0.00
84561119		0.00
84561190		0.00
84561211		0.00
84561219		0.00
84561290		0.00
84562010		0.00
84562090		0.00
84563011		0.00
84563019		0.00
84563090		0.00
84564000		0.00
84565000		0.00
84569000		0.00
84571000		0.00
84572010		0.00
84572090		0.00
84573010		0.00
84573090		0.00
84581110		0.00
84581191		0.00
84581199		0.00
84581910		0.00
84581990		0.00
84589100		0.00
84589900		0.00
84591000		0.00
84592110		0.00
84592191		0.00
84592199		0.00
84592900		0.00
84593100		0.00
84593900		0.00
84594100		0.00
84594900		0.00
84595100		0.00
84595900		0.00
84596100		0.00
84596900		0.00
84597000		0.00
84601200		0.00
84601900		0.00
84602200		0.00
84602300		0.00
84602400		0.00
84602900		0.00
84603100		0.00
84603900		0.00
84604011		0.00
84604019		0.00
84604091		0.00
84604099		0.00
84609011		0.00
84609012		0.00
84609019		0.00
84609090		0.00
84612010		0.00
84612090		0.00
84613010		0.00
84613090		0.00
84614010		0.00
84614091		0.00
84614099		0.00
84615010		0.00
84615020		0.00
84615090		0.00
84619010		0.00
84619090		0.00
84621100		0.00
84621900		0.00
84622200		0.00
84622300		0.00
84622400		0.00
84622500		0.00
84622600		0.00
84622900		0.00
84623200		0.00
84623300		0.00
84623900		0.00
84624200		0.00
84624900		0.00
84625100		0.00
84625900		0.00
84626100		0.00
84626200		0.00
84626300		0.00
84626900		0.00
84629000		0.00
84631010		0.00
84631090		0.00
84632010		0.00
84632091		0.00
84632099		0.00
84633000		0.00
84639010		0.00
84639090		0.00
84641000		0.00
84642010		0.00
84642021		0.00
84642029		0.00
84642090		0.00
84649011		0.00
84649019		0.00
84649090		0.00
84651000		0.00
84652000		0.00
84659110		0.00
84659120		0.00
84659190		0.00
84659211		0.00
84659219		0.00
84659290		0.00
84659310		0.00
84659390		0.00
84659400		0.00
84659511		0.00
84659512		0.00
84659591		0.00
84659592		0.00
84659600		0.00
84659900		0.00
84661000		0.00
84662010		0.00
84662090		0.00
84663000		0.00
84669100		0.00
84669200		0.00
84669311		3.25
84669319		0.00
84669320		0.00
84669330		0.00
84669340		0.00
84669350		0.00
84669360		0.00
84669410		0.00
84669420		0.00
84669490		0.00
84671110		3.25
84671190		3.25
84671900		3.25
84672100		5.20
84672200		5.20
84672910		5.20
84672991		5.20
84672992		5.20
84672993		5.20
84672999		5.20
84678100		5.20
84678900		5.20
84679100		5.20
84679200		5.20
84679900		5.20
84681000		3.25
84682000		0.00
84688010		0.00
84688090		0.00
84689010		3.25
84689020		3.25
84689090		3.25
84701000		9.75
84701000	1	0.00
84702100		9.75
84702900		9.75
84703000		9.75
84705010		9.75
84705010	1	15.00
84705090		15.00
84709010		9.75
84709090		9.75
84713011		15.00
84713012		15.00
84713019		15.00
84713090		15.00
84714100		9.75
84714900		9.75
84715010		15.00
84715020		15.00
84715030		15.00
84715040		15.00
84715090		15.00
84716052		9.75
84716052	1	0.00
84716053		9.75
84716053	1	0.00
84716053	2	0.00
84716054		9.75
84716059		9.75
84716061		9.75
84716062		9.75
84716080		9.75
84716090		9.75
84716090	1	0.00
84717010		9.75
84717010	1	10.00
84717020		6.50
84717030		9.75
84717040		9.75
84717090		9.75
84718000		9.75
84719011		9.75
84719012		9.75
84719013		9.75
84719014		15.00
84719014	1	0.00
84719019		9.75
84719090		9.75
84721000		13.00
84721000	1	0.00
84723010		13.00
84723020		13.00
84723030		13.00
84723090		13.00
84729010		15.00
84729020		9.75
84729030		13.00
84729040		13.00
84729051		9.75
84729059		9.75
84729091		13.00
84729099		13.00
84729099	1	0.00
84732100		1.30
84732910		15.00
84732920		13.00
84732990		15.00
84733011		6.50
84733019		6.50
84733031		6.50
84733032		1.30
84733033		1.30
84733034		6.50
84733039		6.50
84733041		15.00
84733042		15.00
84733049		15.00
84733090		6.50
84734010		9.75
84734070		10.00
84734090		6.50
84734090	1	13.00
84735010		15.00
84735040		3.25
84735050		9.75
84735090		10.00
84741000		0.00
84742010		0.00
84742090		0.00
84743100		0.00
84743200		0.00
84743900		0.00
84748010		0.00
84748090		0.00
84749000		0.00
84751000		0.00
84752100		0.00
84752910		0.00
84752990		0.00
84759000		3.25
84762100		11.70
84762900		11.70
84768100		11.70
84768910		11.70
84768990		11.70
84769000		11.70
84771011		0.00
84771019		0.00
84771021		0.00
84771029		0.00
84771091		0.00
84771099		0.00
84772010		0.00
84772090		0.00
84773010		0.00
84773090		0.00
84774010		0.00
84774090		0.00
84775100		0.00
84775911		0.00
84775919		0.00
84775990		0.00
84778010		0.00
84778090		0.00
84779000		3.25
84781010		6.50
84781090		6.50
84789000		6.50
84791010		0.00
84791090		0.00
84792000		0.00
84793000		0.00
84794000		0.00
84795000		0.00
84796000		0.00
84797100		0.00
84797900		0.00
84798110		0.00
84798190		0.00
84798210		0.00
84798290		0.00
84798300		0.00
84798911		0.00
84798912		0.00
84798921		0.00
84798922		0.00
84798931		3.25
84798932		3.25
84798940		0.00
84798991		0.00
84798992		3.25
84798999		0.00
84799010		3.25
84799090		0.00
84801000		0.00
84802000		0.00
84803000		0.00
84804100		0.00
84804910		0.00
84804990		0.00
84805000		0.00
84806000		0.00
84807100		0.00
84807910		0.00
84807990		0.00
84811000		0.00
84812011		3.25
84812019		3.25
84812090		0.00
84813000		0.00
84814000		0.00
84818011		0.00
84818019		0.00
84818021		0.00
84818029		0.00
84818029	1	3.25
84818031		2.60
84818039		2.60
84818091		7.80
84818092		0.00
84818093		0.00
84818094		0.00
84818095		0.00
84818096		0.00
84818097		0.00
84818099		3.25
84819010		7.80
84819010	1	0.00
84819090		0.00
84821010		7.80
84821090		7.80
84822010		7.80
84822090		7.80
84823000		7.80
84824000		7.80
84825010		7.80
84825090		7.80
84828000		7.80
84829111		7.80
84829119		7.80
84829120		7.80
84829130		7.80
84829190		7.80
84829910		7.80
84829990		7.80
84831011		0.00
84831019		0.00
84831019	1	2.60
84831020		0.00
84831030		0.00
84831040		0.00
84831050		7.80
84831090		0.00
84832000		7.80
84833010		7.80
84833021		7.80
84833029		7.80
84833090		7.80
84834010		0.00
84834090		0.00
84835010		7.80
84835090		7.80
84836011		0.00
84836019		0.00
84836090		0.00
84839000		0.00
84841000		7.80
84842000		6.50
84849000		7.80
84851000		0.00
84852000		0.00
84853000		0.00
84858000		0.00
84859000		3.25
84859000	1	0.00
84861000		0.00
84862000		0.00
84863000		0.00
84864000		0.00
84869000		0.00
84871000		6.50
84879000		6.50
85011011		3.25
85011011	1	6.50
85011019		6.50
85011021		6.50
85011029		10.00
85011030		6.50
85012000		6.50
85013110		6.50
85013120		0.00
85013210		0.00
85013220		0.00
85013310		0.00
85013320		0.00
85013411		0.00
85013419		0.00
85013420		0.00
85014011		0.00
85014019		6.50
85014021		0.00
85014029		6.50
85015110		3.25
85015110	1	0.00
85015120		0.00
85015190		0.00
85015210		0.00
85015220		0.00
85015290		0.00
85015310		0.00
85015320		0.00
85015330		0.00
85015390		0.00
85016100		0.00
85016200		0.00
85016300		0.00
85016400		0.00
85017100		0.00
85017210		0.00
85017290		0.00
85018000		0.00
85021110		0.00
85021190		0.00
85021210		0.00
85021290		0.00
85021311		0.00
85021319		0.00
85021390		0.00
85022011		0.00
85022019		0.00
85022090		0.00
85023100		0.00
85023900		0.00
85024010		0.00
85024090		0.00
85030010		6.50
85030090		6.50
85030090	1	0.00
85041000		3.25
85042100		0.00
85042200		0.00
85042300		0.00
85043111		6.50
85043119		6.50
85043191		3.25
85043192		13.00
85043193		6.50
85043199		6.50
85043199	1	13.00
85043211		0.00
85043219		0.00
85043221		0.00
85043229		0.00
85043300		0.00
85043400		0.00
85044010		5.00
85044021		3.75
85044021	1	5.00
85044022		3.25
85044029		5.00
85044030		15.00
85044040		9.75
85044050		9.75
85044060		9.75
85044090		9.75
85045010		0.00
85045090		0.00
85049010		6.50
85049020		6.50
85049030		6.50
85049040		6.50
85049090		6.50
85051100		9.75
85051910		9.75
85051990		9.75
85052010		3.25
85052090		3.25
85052090	1	2.60
85059011		3.25
85059019		3.25
85059080		9.75
85059090		9.75
85061011		9.75
85061012		9.75
85061019		9.75
85061020		9.75
85061031		9.75
85061032		9.75
85061039		9.75
85063010		9.75
85063090		9.75
85064010		9.75
85064090		9.75
85065010		9.75
85065090		9.75
85066010		9.75
85066090		9.75
85068010		9.75
85068090		9.75
85069000		9.75
85071010		9.75
85071090		9.75
85071090	1	2.60
85072010		9.75
85072090		9.75
85073011		9.75
85073019		9.75
85073090		9.75
85075010		9.75
85075020		9.75
85075090		9.75
85076000		11.25
85076000	1	15.00
85078000		9.75
85079010		9.75
85079020		9.75
85079090		15.00
85081100		6.50
85081900		6.50
85086000		6.50
85087000		6.50
85094010		6.50
85094020		6.50
85094030		6.50
85094040		6.50
85094050		6.50
85094090		6.50
85098010		6.50
85098090		6.50
85099000		10.00
85101000		13.00
85102000		13.00
85103000		6.50
85109011		13.00
85109019		13.00
85109020		13.00
85109090		13.00
85111000		9.75
85112010		9.75
85112090		9.75
85113010		9.75
85113020		9.75
85114000		9.75
85114000	1	2.60
85115010		9.75
85115010	1	2.60
85115090		15.00
85118010		9.75
85118020		9.75
85118030		9.75
85118090		9.75
85119000		9.75
85121000		9.75
85122011		9.75
85122011	1	2.60
85122019		9.75
85122021		9.75
85122021	1	2.60
85122022		9.75
85122023		9.75
85122029		9.75
85123000		9.75
85124010		9.75
85124020		9.75
85129000		9.75
85131010		9.75
85131090		9.75
85139000		9.75
85141100		3.25
85141100	1	0.00
85141900		3.25
85141900	1	0.00
85142011		0.00
85142019		3.25
85142020		3.25
85142020	1	0.00
85143100		0.00
85143200		3.25
85143200	1	0.00
85143200	2	0.00
85143900		0.00
85143900	1	3.25
85144000		0.00
85149000		3.25
85151100		3.25
85151900		0.00
85152100		0.00
85152900		0.00
85153110		0.00
85153190		0.00
85153900		0.00
85158010		0.00
85158090		0.00
85159000		0.00
85161000		13.00
85161000	1	0.00
85162100		13.00
85162900		13.00
85163100		20.00
85163200		20.00
85163300		13.00
85164000		6.50
85165000		35.00
85166000		7.80
85166000	1	3.25
85167100		7.80
85167200		7.80
85167910		7.80
85167920		7.80
85167990		9.75
85168010		6.50
85168090		6.50
85169000		10.00
85169000	1	5.00
85171100		6.50
85171300		15.00
85171410		9.75
85171431		11.25
85171432		9.75
85171439		9.75
85171441		9.75
85171449		9.75
85171490		9.75
85171830		6.50
85171890		6.50
85171890	1	9.75
85176130		15.00
85176141		9.75
85176142		9.75
85176143		9.75
85176149		9.75
85176191		9.75
85176192		9.75
85176199		9.75
85176214		9.75
85176215		9.75
85176215	1	0.00
85176215	2	0.00
85176221		9.75
85176229		9.75
85176234		9.75
85176239		9.75
85176241		15.00
85176249		9.75
85176251		9.75
85176252		9.75
85176253		9.75
85176254		9.75
85176255		11.25
85176255	1	15.00
85176256		10.00
85176259		15.00
85176262		15.00
85176264		9.75
85176265		9.75
85176272		15.00
85176273		10.00
85176277		15.00
85176278		9.75
85176279		15.00
85176291		9.75
85176294		9.75
85176296		9.75
85176299		13.00
85176299	1	9.75
85176900		9.75
85177110		3.25
85177120		6.50
85177190		6.50
85177900		7.50
85177900	1	15.00
85181010		3.25
85181090		9.75
85182100		15.00
85182200		15.00
85182910		3.25
85182990		9.75
85183000		9.75
85184000		15.00
85185000		9.75
85189010		9.75
85189090		15.00
85192000		16.25
85193000		19.50
85198110		19.50
85198120		16.25
85198190		16.25
85198190	1	0.00
85198190	2	19.50
85198190	3	19.50
85198900		16.25
85198900	1	11.70
85211010		16.25
85211081		16.25
85211089		16.25
85211090		16.25
85219000		15.00
85219000	1	25.00
85221000		16.25
85229000		16.25
85232110		9.75
85232120		9.75
85232911		3.25
85232919		9.75
85232990		9.75
85232990	1	16.25
85232990	2	0.00
85232990	3	3.25
85234110		9.75
85234190		9.75
85234910		15.00
85234920		9.75
85234990		15.00
85235110		9.75
85235110	1	6.50
85235110	2	1.30
85235190		15.00
85235210		6.50
85235290		3.25
85235900		9.75
85238000		9.75
85241100		6.50
85241200		6.50
85241900		6.50
85249100		10.00
85249200		10.00
85249900		10.00
85255011		9.75
85255019		9.75
85255021		9.75
85255022		9.75
85255023		9.75
85255024		9.75
85255029		9.75
85255029	1	0.00
85255029	2	0.00
85256010		9.75
85256020		9.75
85256020	1	0.00
85256090		9.75
85256090	1	0.00
85256090	2	0.00
85258100		15.00
85258200		15.00
85258300		15.00
85258911		13.00
85258912		20.00
85258913		13.00
85258914		13.00
85258919		20.00
85258919	1	0.00
85258921		13.00
85258922		13.00
85258929		15.00
85258929	1	20.00
85261000		13.00
85269100		13.00
85269200		13.00
85271200		13.00
85271300		20.00
85271900		13.00
85272100		10.00
85272900		10.00
85279100		15.00
85279100	1	20.00
85279200		13.00
85279910		13.00
85279990		13.00
85284200		9.75
85284930		13.00
85284990		13.00
85285200		15.00
85285900		13.00
85286200		15.00
85286910		13.00
85286990		13.00
85287111		3.25
85287119		3.75
85287119	1	5.00
85287190		15.00
85287190	1	20.00
85287200		20.00
85287300		13.00
85291020		6.50
85291090		6.50
85299011		6.50
85299012		15.00
85299019		6.50
85299019	1	0.00
85299020		7.50
85299020	1	10.00
85299030		6.50
85299040		6.50
85299050		6.50
85299090		6.50
85301010		9.75
85301090		3.25
85308010		9.75
85308090		6.50
85309000		6.50
85311010		9.75
85311090		15.00
85312000		9.75
85312000	1	0.00
85318000		9.75
85319000		9.75
85321000		0.00
85322111		1.30
85322119		1.30
85322120		6.50
85322190		6.50
85322200		6.50
85322310		3.25
85322390		6.50
85322410		1.30
85322420		6.50
85322490		6.50
85322510		1.30
85322590		6.50
85322910		1.30
85322990		6.50
85323010		1.30
85323090		6.50
85329000		6.50
85331000		6.50
85332110		6.50
85332120		1.30
85332190		6.50
85332900		6.50
85333110		6.50
85333190		6.50
85333910		6.50
85333990		6.50
85334011		6.50
85334012		6.50
85334013		6.50
85334019		6.50
85334091		6.50
85334092		6.50
85334099		6.50
85339000		6.50
85340011		6.50
85340012		6.50
85340013		6.50
85340019		6.50
85340020		6.50
85340031		6.50
85340032		6.50
85340033		6.50
85340039		6.50
85340040		6.50
85340051		6.50
85340059		6.50
85351000		0.00
85352100		3.25
85352900		0.00
85353013		3.25
85353017		3.25
85353018		3.25
85353019		3.25
85353023		0.00
85353027		0.00
85353028		0.00
85353029		0.00
85354010		0.00
85354090		0.00
85359010		3.25
85359090		3.25
85361000		9.75
85362000		6.50
85363010		9.75
85363090		9.75
85363090	1	3.25
85364100		3.25
85364900		3.25
85365010		6.50
85365020		6.50
85365030		1.30
85365090		9.75
85365090	1	2.60
85365090	2	3.25
85365090	3	3.25
85366100		9.75
85366910		9.75
85366990		9.75
85367000		9.75
85369010		9.75
85369020		9.75
85369030		6.50
85369040		6.50
85369050		9.75
85369060		9.75
85369090		9.75
85371011		9.75
85371019		9.75
85371020		9.75
85371030		9.75
85371090		9.75
85372010		0.00
85372090		0.00
85381000		9.75
85389010		9.75
85389020		9.75
85389090		9.75
85391010		9.75
85391090		9.75
85392110		9.75
85392110	1	13.00
85392190		9.75
85392190	1	13.00
85392200		9.75
85392200	1	13.00
85392910		9.75
85392910	1	0.00
85392990		9.75
85392990	1	0.00
85392990	2	13.00
85393111		9.75
85393111	1	0.00
85393119		9.75
85393119	1	0.00
85393120		9.75
85393120	1	0.00
85393131		9.75
85393132		9.75
85393139		9.75
85393210		9.75
85393210	1	29.25
85393220		9.75
85393220	1	0.00
85393230		9.75
85393911		9.75
85393912		9.75
85393913		9.75
85393919		9.75
85393990		9.75
85394110		9.75
85394190		9.75
85394900		9.75
85395100		9.75
85395200		6.50
85399010		9.75
85399020		9.75
85399090		9.75
85401100		6.50
85401200		6.50
85402011		6.50
85402019		6.50
85402020		6.50
85402090		6.50
85404000		6.50
85406010		6.50
85406090		6.50
85407100		6.50
85407900		6.50
85408100		6.50
85408910		6.50
85408990		6.50
85409110		6.50
85409120		6.50
85409130		6.50
85409140		6.50
85409190		6.50
85409900		6.50
85411011		1.30
85411012		3.25
85411019		3.25
85411021		1.30
85411022		1.30
85411029		1.30
85411031		1.30
85411032		1.30
85411039		3.25
85411091		1.30
85411092		1.30
85411099		3.25
85412110		1.30
85412120		1.30
85412191		1.30
85412199		1.30
85412910		1.30
85412920		1.30
85413011		1.30
85413019		3.25
85413021		3.25
85413029		3.25
85414111		3.25
85414112		1.30
85414121		1.30
85414122		1.30
85414123		3.25
85414124		1.30
85414210		0.00
85414220		0.00
85414290		1.30
85414300		6.50
85414300	1	0.00
85414900		1.30
85415100		3.25
85415900		3.25
85416010		3.25
85416090		3.25
85419010		1.30
85419020		1.30
85419090		1.30
85423110		1.30
85423110	1	3.25
85423120		2.00
85423190		2.00
85423210		1.30
85423210	1	3.25
85423221		3.25
85423229		5.00
85423291		3.25
85423299		3.25
85423299	1	1.30
85423311		6.50
85423319		6.50
85423320		1.30
85423390		3.25
85423911		6.50
85423919		6.50
85423920		1.30
85423920	1	3.25
85423931		1.30
85423939		3.25
85423991		1.30
85423999		3.25
85429000		1.30
85431000		6.50
85432000		3.25
85432000	1	0.00
85433010		0.00
85433090		0.00
85434000		6.50
85437011		6.50
85437011	1	13.00
85437012		6.50
85437012	1	13.00
85437013		6.50
85437013	1	13.00
85437014		6.50
85437014	1	13.00
85437015		6.50
85437015	1	13.00
85437019		6.50
85437019	1	13.00
85437020		6.50
85437031		6.50
85437032		6.50
85437033		6.50
85437034		6.50
85437035		6.50
85437036		6.50
85437036	1	0.00
85437039		6.50
85437039	1	3.25
85437039	2	0.00
85437040		6.50
85437050		6.50
85437091		6.50
85437092		6.50
85437099		6.50
85437099	1	0.00
85439010		6.50
85439090		6.50
85441100		0.00
85441911		3.25
85441919		3.25
85441990		3.25
85442000		3.25
85443000		6.50
85443000	1	2.60
85444200		5.00
85444900		0.00
85444900	1	3.25
85446000		3.25
85447010		9.75
85447020		9.75
85447030		9.75
85447090		9.75
85451100		6.50
85451910		6.50
85451920		6.50
85451990		6.50
85452000		6.50
85459010		6.50
85459020		6.50
85459030		6.50
85459090		6.50
85461000		9.75
85462000		9.75
85469000		9.75
85471000		9.75
85472010		9.75
85472090		9.75
85479000		9.75
85480010		6.50
85480090		6.50
85491100		NT
85491100	1	9.75
85491200		NT
85491200	1	0.00
85491200	2	6.50
85491200	3	9.75
85491300		NT
85491300	1	6.50
85491300	2	9.75
85491400		NT
85491400	1	6.50
85491400	2	9.75
85491900		NT
85491900	1	6.50
85491900	2	9.75
85492100		NT
85492100	1	0.00
85492900		NT
85492900	1	0.00
85493100		NT
85493100	1	0.00
85493900		NT
85493900	1	0.00
85499100		NT
85499100	1	0.00
85499900		NT
85499900	1	0.00
86011000		0.00
86012000		0.00
86021000		0.00
86029000		0.00
86031000		0.00
86039000		0.00
86040010		0.00
86040090		0.00
86050010		0.00
86050090		0.00
86061000		0.00
86063000		0.00
86069100		0.00
86069200		0.00
86069900		0.00
86071110		0.00
86071120		0.00
86071200		0.00
86071911		0.00
86071919		0.00
86071990		0.00
86072100		0.00
86072900		0.00
86073000		0.00
86079100		0.00
86079900		0.00
86080011		0.00
86080012		0.00
86080090		0.00
86090000		0.00
87011000		0.00
87012100		0.00
87012200		0.00
87012300		0.00
87012400		0.00
87012900		0.00
87013000		0.00
87019100		3.25
87019100	1	0.00
87019200		3.25
87019200	1	0.00
87019300		3.25
87019300	1	0.00
87019410		0.00
87019490		3.25
87019490	1	0.00
87019510		0.00
87019590		3.25
87019590	1	0.00
87021000		16.25
87021000	1	6.50
87021000	2	0.00
87022000		16.25
87022000	1	6.50
87022000	2	0.00
87023000		16.25
87023000	1	6.50
87023000	2	0.00
87024010		0.00
87024090		16.25
87024090	1	6.50
87024090	2	0.00
87029000		16.25
87029000	1	6.50
87029000	2	0.00
87031000		33.86
87032100		5.27
87032210		9.78
87032290		9.78
87032310		18.81
87032310	1	9.78
87032390		18.81
87032390	1	9.78
87032410		18.81
87032490		18.81
87033110		18.81
87033190		18.81
87033210		18.81
87033290		18.81
87033310		18.81
87033390		18.81
87034000		18.81
87035000		18.81
87036000		18.81
87037000		18.81
87038000		18.81
87039000		18.81
87041010		0.00
87041090		0.00
87042110		0.00
87042110	1	5.20
87042120		0.00
87042120	1	2.60
87042130		0.00
87042130	1	2.60
87042190		0.00
87042190	1	5.20
87042190	2	6.50
87042210		0.00
87042220		0.00
87042230		0.00
87042290		0.00
87042310		0.00
87042320		0.00
87042330		0.00
87042340		3.25
87042390		0.00
87042390	1	3.25
87043110		6.50
87043110	1	0.00
87043120		2.60
87043120	1	0.00
87043130		2.60
87043130	1	0.00
87043190		5.20
87043190	1	0.00
87043210		0.00
87043220		0.00
87043230		0.00
87043290		0.00
87044100		0.00
87044100	1	5.20
87044100	2	2.60
87044100	3	5.20
87044100	4	6.50
87044200		0.00
87044300		0.00
87044300	1	3.25
87045100		5.20
87045100	1	6.50
87045100	2	2.60
87045100	3	0.00
87045200		0.00
87046000		0.00
87049000		0.00
87051020		0.00
87051030		0.00
87051090		0.00
87052000		0.00
87053000		0.00
87054000		0.00
87059010		3.25
87059090		3.25
87060010		16.25
87060010	1	0.00
87060020		3.25
87060090		6.50
87060090	1	0.00
87071000		6.50
87079010		3.25
87079090		3.25
87079090	1	0.00
87081000		3.25
87082100		3.25
87082200		3.25
87082911		3.25
87082912		3.25
87082913		3.25
87082914		3.25
87082919		3.25
87082991		3.25
87082992		3.25
87082993		3.25
87082994		3.25
87082995		3.25
87082999		3.25
87083011		3.25
87083019		3.25
87083090		3.25
87084011		3.25
87084019		3.25
87084080		3.25
87084090		3.25
87085011		3.25
87085012		3.25
87085019		3.25
87085080		3.25
87085091		3.25
87085099		3.25
87087010		3.25
87087090		3.25
87088000		3.25
87088000	1	2.60
87088000	2	10.40
87089100		3.25
87089200		10.40
87089200	1	2.60
87089200	2	3.25
87089300		10.40
87089300	1	2.60
87089411		2.60
87089412		2.60
87089413		2.60
87089481		3.25
87089482		3.25
87089483		3.25
87089490		3.25
87089510		3.25
87089521		3.25
87089522		3.25
87089529		3.25
87089910		0.00
87089990		3.25
87091100		0.00
87091900		0.00
87099000		3.25
87100000		0.00
87111000		35.00
87112010		35.00
87112020		35.00
87112090		35.00
87113000		35.00
87114000		35.00
87115000		35.00
87116000		35.00
87119000		35.00
87120010		7.50
87120010	1	10.00
87120090		6.50
87131000		0.00
87139000		0.00
87141000		9.00
87141000	1	12.00
87142000		0.00
87149100		6.50
87149200		6.50
87149311		6.50
87149319		6.50
87149320		6.50
87149410		6.50
87149490		6.50
87149500		6.50
87149611		6.50
87149612		6.50
87149619		6.50
87149690		6.50
87149910		6.50
87149920		6.50
87149990		6.50
87150000		6.50
87161000		6.50
87162000		0.00
87163100		0.00
87163900		0.00
87164000		3.25
87168000		3.25
87168000	1	0.00
87168000	2	0.00
87169010		3.25
87169090		3.25
88010000		6.50
88021100		6.50
88021210		6.50
88021290		6.50
88022010		6.50
88022021		6.50
88022022		6.50
88022090		6.50
88023010		6.50
88023021		6.50
88023029		6.50
88023031		6.50
88023039		6.50
88023090		6.50
88024010		6.50
88024090		6.50
88026000		0.00
88040000		6.50
88051000		0.00
88052100		0.00
88052900		0.00
88061000		6.50
88062100		6.50
88062100	1	13.00
88062200		6.50
88062200	1	13.00
88062300		6.50
88062300	1	13.00
88062400		6.50
88062400	1	13.00
88062900		6.50
88062900	1	13.00
88069100		6.50
88069100	1	13.00
88069200		6.50
88069200	1	13.00
88069300		6.50
88069300	1	13.00
88069400		6.50
88069400	1	13.00
88069900		6.50
88069900	1	13.00
88071000		0.00
88072000		0.00
88073000		0.00
88079000		0.00
89011000		0.00
89012000		0.00
89013000		0.00
89019000		0.00
89020010		0.00
89020090		0.00
89031100		6.50
89031200		6.50
89031900		6.50
89032100		6.50
89032200		6.50
89032300		6.50
89033100		10.00
89033200		10.00
89033300		10.00
89039300		6.50
89039900		6.50
89040000		0.00
89051000		0.00
89052000		0.00
89059000		0.00
89059000	1	3.25
89061000		0.00
89069000		0.00
89071000		3.25
89079000		3.75
89079000	1	5.00
89080000		NT
89080000	1	0.00
90011011		6.50
90011019		6.50
90011020		9.75
90012000		9.75
90013000		0.00
90014000		0.00
90015000		0.00
90019010		0.00
90019090		9.75
90021111		9.75
90021119		9.75
90021119	1	0.00
90021120		9.75
90021190		9.75
90021900		9.75
90022010		9.75
90022090		9.75
90029010		9.75
90029090		9.75
90031100		3.25
90031910		3.25
90031990		3.25
90039010		3.25
90039090		3.25
90041000		9.75
90049010		3.25
90049020		3.25
90049090		3.25
90051000		9.75
90058000		9.75
90059010		9.75
90059090		9.75
90063000		9.75
90064000		9.75
90065310		9.75
90065320		9.75
90065930		0.00
90065940		9.75
90065951		9.75
90065959		9.75
90065959	1	0.00
90066100		9.75
90066900		9.75
90066900	1	6.50
90069110		9.75
90069190		9.75
90069900		9.75
90071000		19.50
90071000	1	0.00
90072020		13.00
90072090		13.00
90079100		13.00
90079200		13.00
90085000		13.00
90089000		13.00
90101010		13.00
90101020		13.00
90101090		13.00
90105010		13.00
90105020		13.00
90105090		13.00
90105090	1	0.00
90106000		13.00
90109010		13.00
90109090		13.00
90111000		3.25
90112010		3.25
90112020		3.25
90112030		3.25
90118010		3.25
90118090		3.25
90119010		3.25
90119090		3.25
90121010		0.00
90121090		0.00
90129010		3.25
90129090		3.25
90131010		9.75
90131090		9.75
90132000		9.75
90138000		9.75
90138000	1	3.25
90139000		9.75
90141000		3.25
90142010		3.25
90142020		3.25
90142030		3.25
90142090		3.25
90148010		3.25
90148090		3.25
90149000		3.25
90151000		3.25
90152010		3.25
90152090		3.25
90153000		3.25
90154000		3.25
90158010		3.25
90158090		3.25
90159010		3.25
90159090		3.25
90160010		0.00
90160090		0.00
90171010		9.75
90171090		9.75
90172000		9.75
90173010		0.00
90173020		0.00
90173090		0.00
90178010		9.75
90178090		9.75
90179010		9.75
90179090		9.75
90181100		1.30
90181210		1.30
90181290		1.30
90181300		1.30
90181410		1.30
90181420		1.30
90181490		1.30
90181910		1.30
90181920		1.30
90181980		1.30
90181990		1.30
90182010		5.20
90182020		5.20
90182090		5.20
90183111		0.00
90183119		0.00
90183190		0.00
90183211		5.20
90183212		5.20
90183213		5.20
90183219		8.00
90183220		5.20
90183910		5.20
90183921		0.00
90183922		0.00
90183923		5.20
90183925		0.00
90183926		0.00
90183929		0.00
90183930		5.20
90183991		0.00
90183999		5.20
90183999	1	0.00
90184100		5.20
90184911		5.20
90184912		5.20
90184919		5.20
90184920		5.20
90184940		5.20
90184991		5.20
90184999		5.20
90184999	1	2.60
90185010		5.20
90185090		5.20
90189010		0.00
90189021		5.20
90189029		5.20
90189031		5.20
90189039		5.20
90189040		0.00
90189050		5.20
90189061		5.20
90189069		5.20
90189091		5.20
90189093		5.20
90189094		5.20
90189095		0.00
90189096		5.20
90189097		5.20
90189099		5.20
90189099	1	0.00
90189099	2	0.00
90189099	3	0.00
90189099	4	0.00
90191000		5.20
90192010		1.30
90192020		1.30
90192030		5.20
90192040		5.20
90192090		5.20
90200010		0.00
90200090		5.20
90211010		0.00
90211020		0.00
90211091		0.00
90211099		0.00
90212110		0.00
90212190		0.00
90212900		0.00
90213110		0.00
90213120		0.00
90213190		0.00
90213911		0.00
90213919		0.00
90213920		0.00
90213930		0.00
90213940		0.00
90213980		0.00
90213991		0.00
90213999		0.00
90214000		0.00
90215000		0.00
90219011		0.00
90219012		0.00
90219013		0.00
90219019		0.00
90219080		0.00
90219091		0.00
90219092		0.00
90219099		0.00
90221200		3.25
90221311		3.25
90221319		3.25
90221390		3.25
90221411		3.25
90221412		3.25
90221413		3.25
90221419		3.25
90221490		3.25
90221910		3.25
90221991		3.25
90221999		3.25
90222110		0.00
90222120		0.00
90222190		0.00
90222190	1	5.20
90222910		0.00
90222990		0.00
90223000		0.00
90229010		3.25
90229020		3.25
90229080		3.25
90229091		3.25
90229099		3.25
90229099	1	5.20
90230000		9.75
90230000	1	0.00
90230000	2	0.00
90241010		0.00
90241020		0.00
90241090		0.00
90248011		0.00
90248019		0.00
90248021		0.00
90248029		0.00
90248090		0.00
90249000		3.25
90251111		9.75
90251119		9.75
90251191		9.75
90251199		9.75
90251910		9.75
90251990		9.75
90258000		9.75
90259010		9.75
90259090		9.75
90261011		9.75
90261019		9.75
90261021		0.00
90261029		0.00
90262010		0.00
90262090		0.00
90268000		9.75
90269010		15.00
90269020		9.75
90269090		9.75
90271000		0.00
90272011		0.00
90272012		0.00
90272019		0.00
90272021		0.00
90272029		0.00
90273011		0.00
90273019		0.00
90273020		0.00
90275010		0.00
90275020		0.00
90275030		0.00
90275040		0.00
90275050		0.00
90275090		0.00
90278100		0.00
90278911		0.00
90278912		0.00
90278913		0.00
90278914		0.00
90278920		0.00
90278991		0.00
90278999		0.00
90279010		3.25
90279091		3.25
90279093		3.25
90279099		3.25
90281011		3.25
90281019		3.25
90281090		3.25
90282010		3.25
90282020		3.25
90283011		15.00
90283019		3.25
90283021		9.75
90283029		3.25
90283031		9.75
90283039		3.25
90283090		3.25
90289010		9.75
90289090		9.75
90291010		9.75
90291090		9.75
90292010		9.75
90292010	1	2.60
90292020		9.75
90299010		9.75
90299090		9.75
90301010		3.25
90301090		3.25
90302010		3.25
90302021		3.25
90302022		3.25
90302029		3.25
90302030		3.25
90303100		3.25
90303200		3.25
90303311		3.25
90303319		3.25
90303321		3.25
90303329		3.25
90303390		3.25
90303910		3.25
90303990		3.25
90304010		3.25
90304020		3.25
90304030		3.25
90304090		3.25
90308210		3.25
90308290		3.25
90308410		3.25
90308420		3.25
90308490		3.25
90308910		3.25
90308920		3.25
90308930		3.25
90308940		3.25
90308990		3.25
90309010		3.25
90309090		3.25
90311000		0.00
90312010		0.00
90312090		0.00
90314100		0.00
90314910		3.25
90314920		3.25
90314990		3.25
90314990	1	0.00
90318011		0.00
90318012		0.00
90318020		0.00
90318030		3.25
90318040		9.75
90318050		0.00
90318060		3.25
90318091		3.25
90318099		3.25
90319010		9.75
90319090		9.75
90321010		9.75
90321090		9.75
90322000		9.75
90328100		0.00
90328911		9.75
90328919		9.75
90328921		9.75
90328922		9.75
90328923		9.75
90328924		9.75
90328925		9.75
90328929		9.75
90328930		9.75
90328981		9.75
90328982		9.75
90328983		9.75
90328984		9.75
90328989		9.75
90328990		9.75
90329010		9.75
90329091		9.75
90329099		9.75
90330000		9.75
91011100		16.25
91011900		16.25
91012100		16.25
91012900		16.25
91019100		16.25
91019900		16.25
91021110		20.00
91021190		20.00
91021210		20.00
91021220		20.00
91021290		13.00
91021900		20.00
91022100		20.00
91022900		13.00
91029100		13.00
91029100	1	9.75
91029100	2	9.75
91029900		13.00
91031000		13.00
91039000		13.00
91040000		11.70
91051100		13.00
91051900		13.00
91052100		13.00
91052900		13.00
91059100		13.00
91059900		13.00
91061000		9.75
91069000		9.75
91070010		9.75
91070090		9.75
91081110		13.00
91081190		13.00
91081200		13.00
91081900		13.00
91082000		13.00
91089000		13.00
91091000		13.00
91099000		13.00
91101110		13.00
91101190		13.00
91101200		13.00
91101900		13.00
91109000		13.00
91111000		13.00
91112010		13.00
91112090		13.00
91118000		13.00
91119010		13.00
91119090		13.00
91122000		13.00
91129000		13.00
91131000		6.50
91132000		6.50
91139000		6.50
91143000		13.00
91144000		13.00
91149000		13.00
92011000		0.00
92012000		0.00
92019000		0.00
92021000		0.00
92029000		0.00
92051000		0.00
92059000		0.00
92060000		0.00
92071010		0.00
92071090		0.00
92079010		0.00
92079090		0.00
92081000		0.00
92089000		0.00
92093000		0.00
92099100		0.00
92099200		0.00
92099400		0.00
92099900		0.00
93011000		0.00
93012000		0.00
93019000		0.00
93020000		55.00
93031000		55.00
93032000		55.00
93033000		55.00
93039010		55.00
93039090		55.00
93039090	1	19.50
93040010		55.00
93040090		55.00
93051000		29.25
93052000		29.25
93059100		0.00
93059900		29.25
93062110		13.00
93062120		13.00
93062130		13.00
93062190		25.00
93062900		55.00
93062900	1	13.00
93063000		25.00
93063000	1	6.50
93063000	2	6.50
93069010		29.25
93069020		29.25
93069090		55.00
93070000		29.25
94011010		6.50
94011090		6.50
94012000		9.75
94012000	1	2.60
94012000	2	2.60
94012000	3	2.60
94012000	4	2.60
94013100		3.25
94013900		3.25
94014100		3.25
94014900		3.25
94015200		3.25
94015300		3.25
94015900		3.25
94016100		3.25
94016900		3.25
94017100		3.25
94017900		3.25
94018000		3.25
94019100		3.25
94019900		3.25
94021000		3.25
94029010		3.25
94029020		3.25
94029090		3.25
94031000		3.25
94032010		3.25
94032090		3.25
94033000		3.25
94034000		3.25
94035000		3.25
94036000		3.25
94037000		3.25
94038200		3.25
94038300		3.25
94038900		3.25
94039100		3.25
94039900		3.25
94041000		0.00
94042100		0.00
94042900		0.00
94043000		0.00
94044000		0.00
94049000		0.00
94051110		9.75
94051190		9.75
94051910		9.75
94051990		15.00
94052100		9.75
94052900		9.75
94053100		9.75
94053900		9.75
94054100		9.75
94054200		9.75
94054900		9.75
94054900	1	0.00
94055000		3.25
94056100		9.75
94056900		9.75
94059100		9.75
94059200		9.75
94059900		9.75
94061010		0.00
94061090		0.00
94062000		0.00
94069010		0.00
94069020		0.00
94069090		0.00
95030010		6.50
95030021		6.50
95030022		6.50
95030029		6.50
95030031		6.50
95030039		6.50
95030040		6.50
95030050		6.50
95030060		6.50
95030070		6.50
95030080		6.50
95030091		6.50
95030097		6.50
95030098		6.50
95030099		6.50
95042000		26.00
95042000	1	13.00
95043000		13.00
95044000		10.00
95045000		20.00
95045000	1	9.00
95045000	2	0.00
95049010		13.00
95049090		13.00
95049090	1	26.00
95049090	2	26.00
95051000		13.00
95059000		13.00
95061100		13.00
95061200		13.00
95061900		13.00
95062100		13.00
95062900		13.00
95063100		13.00
95063200		13.00
95063900		13.00
95064000		13.00
95065100		13.00
95065900		13.00
95066100		13.00
95066200		0.00
95066900		13.00
95067000		13.00
95069100		13.00
95069100	1	20.00
95069900		13.00
95071000		13.00
95072000		13.00
95073000		13.00
95079000		13.00
95081000		6.50
95081000	1	0.00
95082110		6.50
95082120		6.50
95082190		6.50
95082210		6.50
95082290		6.50
95082300		6.50
95082400		6.50
95082500		6.50
95082600		6.50
95082900		6.50
95083000		6.50
95084000		6.50
96011000		0.00
96019000		0.00
96020010		0.00
96020020		0.00
96020090		0.00
96031000		0.00
96032100		0.00
96032900		0.00
96033000		0.00
96034010		0.00
96034090		0.00
96035000		0.00
96039000		0.00
96040000		0.00
96050000		6.50
96061000		0.00
96062100		0.00
96062200		0.00
96062900		0.00
96063000		0.00
96071100		0.00
96071900		0.00
96072000		0.00
96081000		20.00
96082000		13.00
96083000		13.00
96084000		13.00
96085000		13.00
96086000		13.00
96089100		13.00
96089981		13.00
96089989		13.00
96089990		13.00
96091000		0.00
96092000		0.00
96099000		0.00
96100000		0.00
96110000		0.00
96121000		15.00
96121000	1	20.00
96122000		13.00
96131000		40.00
96132000		26.00
96138000		26.00
96139000		26.00
96140000		19.50
96151100		9.75
96151900		9.75
96159000		9.75
96161000		13.00
96162000		0.00
96170010		9.75
96170020		15.00
96180000		11.70
96190000		0.00
96190000	1	3.25
96190000	2	9.75
96200000		9.75
97012100		NT
97012200		0.00
97012200	1	NT
97012900		0.00
97012900	1	NT
97019100		NT
97019200		0.00
97019200	1	NT
97019900		0.00
97019900	1	NT
97021000		NT
97029000		NT
97031000		NT
97039000		NT
97040000		NT
97051000		NT
97052100		NT
97052200		NT
97052900		NT
97053100		NT
97053900		NT
97061000		NT
97069000		NT
